#
# There is insufficient memory for the Java Runtime Environment to continue.
# Native memory allocation (malloc) failed to allocate 1720416 bytes. Error detail: Chunk::new
# Possible reasons:
#   The system is out of physical RAM or swap space
#   This process is running with CompressedOops enabled, and the Java Heap may be blocking the growth of the native heap
# Possible solutions:
#   Reduce memory load on the system
#   Increase physical memory or swap space
#   Check if swap backing store is full
#   Decrease Java heap size (-Xmx/-Xms)
#   Decrease number of Java threads
#   Decrease Java thread stack sizes (-Xss)
#   Set larger code cache with -XX:ReservedCodeCacheSize=
#   JVM is running with Unscaled Compressed Oops mode in which the Java heap is
#     placed in the first 4GB address space. The Java Heap base address is the
#     maximum limit for the native heap growth. Please use -XX:HeapBaseMinAddress
#     to set the Java Heap base and to place the Java Heap above 4GB virtual address.
# This output file may be truncated or incomplete.
#
#  Out of Memory Error (arena.cpp:168), pid=17588, tid=18608
#
# JRE version: OpenJDK Runtime Environment (21.0.10) (build 21.0.10+-14961533-b1163.108)
# Java VM: OpenJDK 64-Bit Server VM (21.0.10+-14961533-b1163.108, mixed mode, tiered, compressed oops, compressed class ptrs, g1 gc, windows-amd64)
# No core dump will be written. Minidumps are not enabled by default on client versions of Windows
#

---------------  S U M M A R Y ------------

Command Line: --add-opens=java.base/java.lang=ALL-UNNAMED --add-opens=java.base/java.lang.invoke=ALL-UNNAMED --add-opens=java.base/java.util=ALL-UNNAMED --add-opens=java.prefs/java.util.prefs=ALL-UNNAMED --add-exports=jdk.compiler/com.sun.tools.javac.api=ALL-UNNAMED --add-exports=jdk.compiler/com.sun.tools.javac.util=ALL-UNNAMED --add-opens=java.base/java.util=ALL-UNNAMED --add-opens=java.prefs/java.util.prefs=ALL-UNNAMED --add-opens=java.base/java.nio.charset=ALL-UNNAMED --add-opens=java.base/java.net=ALL-UNNAMED --add-opens=java.base/java.util.concurrent=ALL-UNNAMED --add-opens=java.base/java.util.concurrent.atomic=ALL-UNNAMED --add-opens=java.xml/javax.xml.namespace=ALL-UNNAMED --add-opens=java.base/java.time=ALL-UNNAMED -Xmx2048m -Dfile.encoding=UTF-8 -Duser.country=BR -Duser.language=pt -Duser.variant -javaagent:C:\Users\Admin\.gradle\wrapper\dists\gradle-9.4.1-bin\arn2x92ynaizyzdaamcbpbhtj\gradle-9.4.1\lib\agents\gradle-instrumentation-agent-9.4.1.jar org.gradle.launcher.daemon.bootstrap.GradleDaemon 9.4.1

Host: AMD Ryzen 5 PRO 5655G with Radeon Graphics     , 12 cores, 15G,  Windows 11 , 64 bit Build 26100 (10.0.26100.8875)
Time: Tue Aug 25 15:10:05 2026 Hora oficial do Brasil elapsed time: 182.372911 seconds (0d 0h 3m 2s)

---------------  T H R E A D  ---------------

Current thread (0x00000282e1ddc750):  JavaThread "C2 CompilerThread2" daemon [_thread_in_native, id=18608, stack(0x000000fd29400000,0x000000fd29500000) (1024K)]


Current CompileTask:
C2:182372 17531       4       org.gradle.internal.cc.impl.serialize.DefaultClassDecoder::decodeClass (211 bytes)

Stack: [0x000000fd29400000,0x000000fd29500000]
Native frames: (J=compiled Java code, j=interpreted, Vv=VM code, C=native code)
V  [jvm.dll+0x6d78a9]
V  [jvm.dll+0x8665b3]
V  [jvm.dll+0x868bde]
V  [jvm.dll+0x8692c3]
V  [jvm.dll+0x280ee6]
V  [jvm.dll+0xc07cd]
V  [jvm.dll+0xc0d03]
V  [jvm.dll+0x3ba0cb]
V  [jvm.dll+0x385df7]
V  [jvm.dll+0x38526a]
V  [jvm.dll+0x249bd2]
V  [jvm.dll+0x2491a1]
V  [jvm.dll+0x1c76e4]
V  [jvm.dll+0x25891e]
V  [jvm.dll+0x256e66]
V  [jvm.dll+0x3f513e]
V  [jvm.dll+0x80fd28]
V  [jvm.dll+0x6d60fd]
C  [ucrtbase.dll+0x2cd30]
C  [KERNEL32.DLL+0x2e957]
C  [ntdll.dll+0xaad6c]


---------------  P R O C E S S  ---------------

Threads class SMR info:
_java_thread_list=0x00000282f5568ef0, length=75, elements={
0x00000282ca36f620, 0x00000282e1f85a00, 0x00000282e1f866f0, 0x00000282e1f86d60,
0x00000282e1fa85b0, 0x00000282e1fca6f0, 0x00000282e1fcad60, 0x00000282e1fcb3d0,
0x00000282e1fccd80, 0x00000282e1fce2a0, 0x00000282e22be880, 0x00000282e7c5a8c0,
0x00000282e88159a0, 0x00000282e7cfaea0, 0x00000282e7aa24c0, 0x00000282e7aa03f0,
0x00000282e7aa1110, 0x00000282ec7da860, 0x00000282ec7d8e20, 0x00000282ec7d73e0,
0x00000282ec7dd650, 0x00000282ec7ddce0, 0x00000282ec7dc2a0, 0x00000282ec678bb0,
0x00000282ec676450, 0x00000282ec679240, 0x00000282ec675dc0, 0x00000282ec6798d0,
0x00000282ec9a3c40, 0x00000282ee9127f0, 0x00000282ee9148c0, 0x00000282ee914f50,
0x00000282ee913ba0, 0x00000282f5762c60, 0x00000282f57632f0, 0x00000282f5764010,
0x00000282f57646a0, 0x00000282f5761220, 0x00000282f5767490, 0x00000282f5764d30,
0x00000282f57660e0, 0x00000282f57653c0, 0x00000282f5766770, 0x00000282e1ddb9b0,
0x00000282e1ddc750, 0x00000282f57681b0, 0x00000282ed7faf00, 0x00000282ed7fa1e0,
0x00000282ed7f94c0, 0x00000282ed7fbc20, 0x00000282ed7fc2b0, 0x00000282ed7f8e30,
0x00000282ed7fc940, 0x00000282ed7fcfd0, 0x00000282ed7f9b50, 0x00000282ed7fea10,
0x00000282ed7ff730, 0x00000282ed7ffdc0, 0x00000282ed7fd660, 0x00000282ed7fe380,
0x00000282ec6722b0, 0x00000282ec676ae0, 0x00000282ec673660, 0x00000282ec6750a0,
0x00000282ec674380, 0x00000282ec677170, 0x00000282ec675730, 0x00000282ec674a10,
0x00000282ec673cf0, 0x00000282ec677800, 0x00000282ec677e90, 0x00000282ec678520,
0x00000282ee3339d0, 0x00000282ee330550, 0x00000282ee331270
}

Java Threads: ( => current thread )
  0x00000282ca36f620 JavaThread "main"                              [_thread_blocked, id=16860, stack(0x000000fd26800000,0x000000fd26900000) (1024K)]
  0x00000282e1f85a00 JavaThread "Common-Cleaner"             daemon [_thread_blocked, id=15884, stack(0x000000fd27000000,0x000000fd27100000) (1024K)]
  0x00000282e1f866f0 JavaThread "Reference Handler"          daemon [_thread_blocked, id=14704, stack(0x000000fd27100000,0x000000fd27200000) (1024K)]
  0x00000282e1f86d60 JavaThread "Finalizer"                  daemon [_thread_blocked, id=6608, stack(0x000000fd27200000,0x000000fd27300000) (1024K)]
  0x00000282e1fa85b0 JavaThread "Signal Dispatcher"          daemon [_thread_blocked, id=2452, stack(0x000000fd27300000,0x000000fd27400000) (1024K)]
  0x00000282e1fca6f0 JavaThread "Attach Listener"            daemon [_thread_blocked, id=4540, stack(0x000000fd27400000,0x000000fd27500000) (1024K)]
  0x00000282e1fcad60 JavaThread "Service Thread"             daemon [_thread_blocked, id=7076, stack(0x000000fd27500000,0x000000fd27600000) (1024K)]
  0x00000282e1fcb3d0 JavaThread "Monitor Deflation Thread"   daemon [_thread_blocked, id=3608, stack(0x000000fd27600000,0x000000fd27700000) (1024K)]
  0x00000282e1fccd80 JavaThread "C2 CompilerThread0"         daemon [_thread_in_native, id=5908, stack(0x000000fd27700000,0x000000fd27800000) (1024K)]
  0x00000282e1fce2a0 JavaThread "C1 CompilerThread0"         daemon [_thread_blocked, id=10156, stack(0x000000fd27800000,0x000000fd27900000) (1024K)]
  0x00000282e22be880 JavaThread "Notification Thread"        daemon [_thread_blocked, id=17648, stack(0x000000fd27900000,0x000000fd27a00000) (1024K)]
  0x00000282e7c5a8c0 JavaThread "Daemon health stats"               [_thread_blocked, id=14888, stack(0x000000fd28000000,0x000000fd28100000) (1024K)]
  0x00000282e88159a0 JavaThread "Incoming local TCP Connector on port 49548"        [_thread_in_native, id=18856, stack(0x000000fd28100000,0x000000fd28200000) (1024K)]
  0x00000282e7cfaea0 JavaThread "Daemon periodic checks"            [_thread_blocked, id=17556, stack(0x000000fd28200000,0x000000fd28300000) (1024K)]
  0x00000282e7aa24c0 JavaThread "Cache worker for journal cache (C:\Users\Admin\.gradle\caches\journal-1)"        [_thread_blocked, id=11516, stack(0x000000fd29100000,0x000000fd29200000) (1024K)]
  0x00000282e7aa03f0 JavaThread "File lock request listener"        [_thread_in_native, id=9080, stack(0x000000fd29200000,0x000000fd29300000) (1024K)]
  0x00000282e7aa1110 JavaThread "Cache worker for file hash cache (C:\Users\Admin\.gradle\caches\9.4.1\fileHashes)"        [_thread_blocked, id=14344, stack(0x000000fd29300000,0x000000fd29400000) (1024K)]
  0x00000282ec7da860 JavaThread "Cache worker for file content cache (C:\Users\Admin\.gradle\caches\9.4.1\fileContent)"        [_thread_blocked, id=8684, stack(0x000000fd29700000,0x000000fd29800000) (1024K)]
  0x00000282ec7d8e20 JavaThread "File watcher server"        daemon [_thread_in_native, id=17044, stack(0x000000fd29800000,0x000000fd29900000) (1024K)]
  0x00000282ec7d73e0 JavaThread "File watcher consumer"      daemon [_thread_blocked, id=11528, stack(0x000000fd29900000,0x000000fd29a00000) (1024K)]
  0x00000282ec7dd650 JavaThread "jar transforms"                    [_thread_blocked, id=4384, stack(0x000000fd29c00000,0x000000fd29d00000) (1024K)]
  0x00000282ec7ddce0 JavaThread "jar transforms Thread 2"           [_thread_blocked, id=1840, stack(0x000000fd29d00000,0x000000fd29e00000) (1024K)]
  0x00000282ec7dc2a0 JavaThread "jar transforms Thread 3"           [_thread_blocked, id=6960, stack(0x000000fd29e00000,0x000000fd29f00000) (1024K)]
  0x00000282ec678bb0 JavaThread "jar transforms Thread 4"           [_thread_blocked, id=16412, stack(0x000000fd2ab00000,0x000000fd2ac00000) (1024K)]
  0x00000282ec676450 JavaThread "jar transforms Thread 5"           [_thread_blocked, id=15400, stack(0x000000fd2ac00000,0x000000fd2ad00000) (1024K)]
  0x00000282ec679240 JavaThread "jar transforms Thread 6"           [_thread_blocked, id=7332, stack(0x000000fd2ad00000,0x000000fd2ae00000) (1024K)]
  0x00000282ec675dc0 JavaThread "jar transforms Thread 7"           [_thread_blocked, id=14632, stack(0x000000fd2ae00000,0x000000fd2af00000) (1024K)]
  0x00000282ec6798d0 JavaThread "jar transforms Thread 8"           [_thread_blocked, id=19424, stack(0x000000fd2af00000,0x000000fd2b000000) (1024K)]
  0x00000282ec9a3c40 JavaThread "Memory manager"                    [_thread_blocked, id=18168, stack(0x000000fd2b200000,0x000000fd2b300000) (1024K)]
  0x00000282ee9127f0 JavaThread "RMI Scheduler(0)"           daemon [_thread_blocked, id=18588, stack(0x000000fd2c200000,0x000000fd2c300000) (1024K)]
  0x00000282ee9148c0 JavaThread "RMI GC Daemon"              daemon [_thread_blocked, id=14636, stack(0x000000fd2c400000,0x000000fd2c500000) (1024K)]
  0x00000282ee914f50 JavaThread "RMI TCP Accept-0"           daemon [_thread_in_native, id=12804, stack(0x000000fd2c500000,0x000000fd2c600000) (1024K)]
  0x00000282ee913ba0 JavaThread "RMI Reaper"                        [_thread_blocked, id=5468, stack(0x000000fd2c600000,0x000000fd2c700000) (1024K)]
  0x00000282f5762c60 JavaThread "Daemon Thread 2"                   [_thread_blocked, id=19172, stack(0x000000fd26500000,0x000000fd26600000) (1024K)]
  0x00000282f57632f0 JavaThread "Handler for socket connection from /127.0.0.1:49548 to /127.0.0.1:52790"        [_thread_in_native, id=7908, stack(0x000000fd26600000,0x000000fd26700000) (1024K)]
  0x00000282f5764010 JavaThread "Cancel handler"                    [_thread_blocked, id=17608, stack(0x000000fd26700000,0x000000fd26800000) (1024K)]
  0x00000282f57646a0 JavaThread "Daemon worker Thread 2"            [_thread_blocked, id=2900, stack(0x000000fd27a00000,0x000000fd27b00000) (1024K)]
  0x00000282f5761220 JavaThread "Asynchronous log dispatcher for DefaultDaemonConnection: socket connection from /127.0.0.1:49548 to /127.0.0.1:52790"        [_thread_blocked, id=8560, stack(0x000000fd27b00000,0x000000fd27c00000) (1024K)]
  0x00000282f5767490 JavaThread "Stdin handler"                     [_thread_blocked, id=16504, stack(0x000000fd28300000,0x000000fd28400000) (1024K)]
  0x00000282f5764d30 JavaThread "Daemon client event forwarder"        [_thread_blocked, id=16140, stack(0x000000fd28500000,0x000000fd28600000) (1024K)]
  0x00000282f57660e0 JavaThread "Cache worker for file hash cache (C:\Users\Admin\AndroidStudioProjects\Arsnova\.gradle\9.4.1\fileHashes)"        [_thread_blocked, id=19160, stack(0x000000fd28d00000,0x000000fd28e00000) (1024K)]
  0x00000282f57653c0 JavaThread "Cache worker for checksums cache (C:\Users\Admin\AndroidStudioProjects\Arsnova\.gradle\9.4.1\checksums)"        [_thread_blocked, id=6588, stack(0x000000fd28e00000,0x000000fd28f00000) (1024K)]
  0x00000282f5766770 JavaThread "Cache worker for Build Output Cleanup Cache (C:\Users\Admin\AndroidStudioProjects\Arsnova\.gradle\buildOutputCleanup)"        [_thread_blocked, id=15928, stack(0x000000fd28f00000,0x000000fd29000000) (1024K)]
  0x00000282e1ddb9b0 JavaThread "C2 CompilerThread1"         daemon [_thread_in_native, id=6792, stack(0x000000fd29000000,0x000000fd29100000) (1024K)]
=>0x00000282e1ddc750 JavaThread "C2 CompilerThread2"         daemon [_thread_in_native, id=18608, stack(0x000000fd29400000,0x000000fd29500000) (1024K)]
  0x00000282f57681b0 JavaThread "Cache worker for cache directory md-supplier (C:\Users\Admin\.gradle\caches\9.4.1\md-supplier)"        [_thread_blocked, id=7052, stack(0x000000fd29500000,0x000000fd29600000) (1024K)]
  0x00000282ed7faf00 JavaThread "Cache worker for cache directory md-rule (C:\Users\Admin\.gradle\caches\9.4.1\md-rule)"        [_thread_blocked, id=16276, stack(0x000000fd29600000,0x000000fd29700000) (1024K)]
  0x00000282ed7fa1e0 JavaThread "build event listener"              [_thread_blocked, id=12580, stack(0x000000fd29b00000,0x000000fd29c00000) (1024K)]
  0x00000282ed7f94c0 JavaThread "build event listener"              [_thread_blocked, id=4152, stack(0x000000fd29f00000,0x000000fd2a000000) (1024K)]
  0x00000282ed7fbc20 JavaThread "Build operations"                  [_thread_in_native, id=5624, stack(0x000000fd2a000000,0x000000fd2a100000) (1024K)]
  0x00000282ed7fc2b0 JavaThread "included builds"                   [_thread_in_native, id=6596, stack(0x000000fd29a00000,0x000000fd29b00000) (1024K)]
  0x00000282ed7f8e30 JavaThread "Execution worker"                  [_thread_blocked, id=3176, stack(0x000000fd2a100000,0x000000fd2a200000) (1024K)]
  0x00000282ed7fc940 JavaThread "Execution worker Thread 2"         [_thread_blocked, id=10012, stack(0x000000fd2a200000,0x000000fd2a300000) (1024K)]
  0x00000282ed7fcfd0 JavaThread "Execution worker Thread 3"         [_thread_blocked, id=7472, stack(0x000000fd2a300000,0x000000fd2a400000) (1024K)]
  0x00000282ed7f9b50 JavaThread "Execution worker Thread 4"         [_thread_blocked, id=5156, stack(0x000000fd2a400000,0x000000fd2a500000) (1024K)]
  0x00000282ed7fea10 JavaThread "Execution worker Thread 5"         [_thread_blocked, id=7696, stack(0x000000fd2a500000,0x000000fd2a600000) (1024K)]
  0x00000282ed7ff730 JavaThread "Execution worker Thread 6"         [_thread_blocked, id=18416, stack(0x000000fd2a600000,0x000000fd2a700000) (1024K)]
  0x00000282ed7ffdc0 JavaThread "Execution worker Thread 7"         [_thread_blocked, id=3864, stack(0x000000fd2a700000,0x000000fd2a800000) (1024K)]
  0x00000282ed7fd660 JavaThread "Execution worker Thread 8"         [_thread_blocked, id=18708, stack(0x000000fd2a800000,0x000000fd2a900000) (1024K)]
  0x00000282ed7fe380 JavaThread "Execution worker Thread 9"         [_thread_blocked, id=18536, stack(0x000000fd2a900000,0x000000fd2aa00000) (1024K)]
  0x00000282ec6722b0 JavaThread "Execution worker Thread 10"        [_thread_blocked, id=17204, stack(0x000000fd2aa00000,0x000000fd2ab00000) (1024K)]
  0x00000282ec676ae0 JavaThread "Execution worker Thread 11"        [_thread_blocked, id=4196, stack(0x000000fd2b000000,0x000000fd2b100000) (1024K)]
  0x00000282ec673660 JavaThread "Cache worker for execution history cache (C:\Users\Admin\AndroidStudioProjects\Arsnova\.gradle\9.4.1\executionHistory)"        [_thread_blocked, id=18476, stack(0x000000fd2b100000,0x000000fd2b200000) (1024K)]
  0x00000282ec6750a0 JavaThread "Build operations Thread 2"         [_thread_blocked, id=11460, stack(0x000000fd2b300000,0x000000fd2b400000) (1024K)]
  0x00000282ec674380 JavaThread "Build operations Thread 3"         [_thread_blocked, id=11336, stack(0x000000fd2b400000,0x000000fd2b500000) (1024K)]
  0x00000282ec677170 JavaThread "Build operations Thread 4"         [_thread_blocked, id=5072, stack(0x000000fd2b500000,0x000000fd2b600000) (1024K)]
  0x00000282ec675730 JavaThread "Build operations Thread 5"         [_thread_blocked, id=18672, stack(0x000000fd2b600000,0x000000fd2b700000) (1024K)]
  0x00000282ec674a10 JavaThread "Build operations Thread 6"         [_thread_blocked, id=5904, stack(0x000000fd2b700000,0x000000fd2b800000) (1024K)]
  0x00000282ec673cf0 JavaThread "Build operations Thread 7"         [_thread_in_native, id=11764, stack(0x000000fd2b800000,0x000000fd2b900000) (1024K)]
  0x00000282ec677800 JavaThread "Build operations Thread 8"         [_thread_blocked, id=7980, stack(0x000000fd2b900000,0x000000fd2ba00000) (1024K)]
  0x00000282ec677e90 JavaThread "Build operations Thread 9"         [_thread_blocked, id=8252, stack(0x000000fd2ba00000,0x000000fd2bb00000) (1024K)]
  0x00000282ec678520 JavaThread "Build operations Thread 10"        [_thread_blocked, id=2624, stack(0x000000fd2bb00000,0x000000fd2bc00000) (1024K)]
  0x00000282ee3339d0 JavaThread "Build operations Thread 11"        [_thread_blocked, id=17620, stack(0x000000fd2bc00000,0x000000fd2bd00000) (1024K)]
  0x00000282ee330550 JavaThread "Build operations Thread 12"        [_thread_blocked, id=18572, stack(0x000000fd2bd00000,0x000000fd2be00000) (1024K)]
  0x00000282ee331270 JavaThread "WorkerExecutor Queue"              [_thread_blocked, id=18268, stack(0x000000fd2be00000,0x000000fd2bf00000) (1024K)]
Total: 75

Other Threads:
  0x00000282e1e88d60 VMThread "VM Thread"                           [id=8120, stack(0x000000fd26f00000,0x000000fd27000000) (1024K)]
  0x00000282e1e46a10 WatcherThread "VM Periodic Task Thread"        [id=2104, stack(0x000000fd26e00000,0x000000fd26f00000) (1024K)]
  0x00000282ca3c6080 WorkerThread "GC Thread#0"                     [id=16516, stack(0x000000fd26900000,0x000000fd26a00000) (1024K)]
  0x00000282e75b4160 WorkerThread "GC Thread#1"                     [id=15672, stack(0x000000fd27c00000,0x000000fd27d00000) (1024K)]
  0x00000282e7927710 WorkerThread "GC Thread#2"                     [id=1216, stack(0x000000fd27d00000,0x000000fd27e00000) (1024K)]
  0x00000282e7927ac0 WorkerThread "GC Thread#3"                     [id=3624, stack(0x000000fd27e00000,0x000000fd27f00000) (1024K)]
  0x00000282e7927e70 WorkerThread "GC Thread#4"                     [id=2976, stack(0x000000fd27f00000,0x000000fd28000000) (1024K)]
  0x00000282e8f9b820 WorkerThread "GC Thread#5"                     [id=12144, stack(0x000000fd28600000,0x000000fd28700000) (1024K)]
  0x00000282e8f9c6e0 WorkerThread "GC Thread#6"                     [id=15776, stack(0x000000fd28700000,0x000000fd28800000) (1024K)]
  0x00000282e8f9b0c0 WorkerThread "GC Thread#7"                     [id=19412, stack(0x000000fd28800000,0x000000fd28900000) (1024K)]
  0x00000282e8f9ca90 WorkerThread "GC Thread#8"                     [id=15612, stack(0x000000fd28900000,0x000000fd28a00000) (1024K)]
  0x00000282e8f9bf80 WorkerThread "GC Thread#9"                     [id=15052, stack(0x000000fd28a00000,0x000000fd28b00000) (1024K)]
  0x00000282c80cbfe0 ConcurrentGCThread "G1 Main Marker"            [id=6320, stack(0x000000fd26a00000,0x000000fd26b00000) (1024K)]
  0x00000282c80ce6f0 WorkerThread "G1 Conc#0"                       [id=1744, stack(0x000000fd26b00000,0x000000fd26c00000) (1024K)]
  0x00000282e8f9c330 WorkerThread "G1 Conc#1"                       [id=3684, stack(0x000000fd28b00000,0x000000fd28c00000) (1024K)]
  0x00000282e89b9a90 WorkerThread "G1 Conc#2"                       [id=1784, stack(0x000000fd28c00000,0x000000fd28d00000) (1024K)]
  0x00000282ca42e9a0 ConcurrentGCThread "G1 Refine#0"               [id=1620, stack(0x000000fd26c00000,0x000000fd26d00000) (1024K)]
  0x00000282e1da0310 ConcurrentGCThread "G1 Service"                [id=6736, stack(0x000000fd26d00000,0x000000fd26e00000) (1024K)]
Total: 18

Threads with active compile tasks:
C2 CompilerThread0  182429 17482       4       org.gradle.internal.instantiation.generator.AbstractClassGenerator::inspectType (602 bytes)
C1 CompilerThread0  182429 17972       2       java.nio.ByteBuffer::allocateDirect (9 bytes)
C2 CompilerThread1  182429 17395   !   4       org.gradle.internal.serialize.graph.codecs.BeanCodec::decode (753 bytes)
C2 CompilerThread2  182429 17531       4       org.gradle.internal.cc.impl.serialize.DefaultClassDecoder::decodeClass (211 bytes)
Total: 4

VM state: at safepoint (normal execution)

VM Mutex/Monitor currently owned by a thread:  ([mutex/lock_event])
[0x00007ff880a486d0] Threads_lock - owner thread: 0x00000282e1e88d60
[0x00007ff880a487d0] Heap_lock - owner thread: 0x00000282e7aa1110

Heap address: 0x0000000080000000, size: 2048 MB, Compressed Oops mode: 32-bit

CDS archive(s) not mapped
Compressed class space mapped at: 0x0000000100000000-0x0000000140000000, reserved size: 1073741824
Narrow klass base: 0x0000000000000000, Narrow klass shift: 3, Narrow klass range: 0x140000000

GC Precious Log:
 CardTable entry size: 512
 Card Set container configuration: InlinePtr #cards 5 size 8 Array Of Cards #cards 12 size 40 Howl #buckets 4 coarsen threshold 1843 Howl Bitmap #cards 512 size 80 coarsen threshold 460 Card regions per heap region 1 cards per card region 2048
 CPUs: 12 total, 12 available
 Memory: 15723M
 Large Page Support: Disabled
 NUMA Support: Disabled
 Compressed Oops: Enabled (32-bit)
 Heap Region Size: 1M
 Heap Min Capacity: 8M
 Heap Initial Capacity: 246M
 Heap Max Capacity: 2G
 Pre-touch: Disabled
 Parallel Workers: 10
 Concurrent Workers: 3
 Concurrent Refinement Workers: 10
 Periodic GC: Disabled

Heap:
 garbage-first heap   total 406528K, used 362469K [0x0000000080000000, 0x0000000100000000)
  region size 1024K, 246 young (251904K), 20 survivors (20480K)
 Metaspace       used 134732K, committed 137536K, reserved 1179648K
  class space    used 18901K, committed 20288K, reserved 1048576K

Heap Regions: E=young(eden), S=young(survivor), O=old, HS=humongous(starts), HC=humongous(continues), CS=collection set, F=free, TAMS=top-at-mark-start, PB=parsable bottom
|   0|0x0000000080000000, 0x0000000080100000, 0x0000000080100000|100%|HS|  |TAMS 0x0000000080100000| PB 0x0000000080000000| Complete 
|   1|0x0000000080100000, 0x0000000080200000, 0x0000000080200000|100%|HC|  |TAMS 0x0000000080200000| PB 0x0000000080100000| Complete 
|   2|0x0000000080200000, 0x0000000080300000, 0x0000000080300000|100%|HC|  |TAMS 0x0000000080300000| PB 0x0000000080200000| Complete 
|   3|0x0000000080300000, 0x0000000080400000, 0x0000000080400000|100%|HC|  |TAMS 0x0000000080400000| PB 0x0000000080300000| Complete 
|   4|0x0000000080400000, 0x0000000080500000, 0x0000000080500000|100%| O|  |TAMS 0x0000000080500000| PB 0x0000000080400000| Untracked 
|   5|0x0000000080500000, 0x0000000080600000, 0x0000000080600000|100%| O|  |TAMS 0x0000000080600000| PB 0x0000000080500000| Untracked 
|   6|0x0000000080600000, 0x0000000080700000, 0x0000000080700000|100%| O|  |TAMS 0x0000000080700000| PB 0x0000000080600000| Untracked 
|   7|0x0000000080700000, 0x0000000080800000, 0x0000000080800000|100%| O|  |TAMS 0x0000000080800000| PB 0x0000000080700000| Untracked 
|   8|0x0000000080800000, 0x0000000080900000, 0x0000000080900000|100%| O|  |TAMS 0x0000000080900000| PB 0x0000000080800000| Untracked 
|   9|0x0000000080900000, 0x0000000080a00000, 0x0000000080a00000|100%| O|  |TAMS 0x0000000080a00000| PB 0x0000000080900000| Untracked 
|  10|0x0000000080a00000, 0x0000000080b00000, 0x0000000080b00000|100%| O|  |TAMS 0x0000000080b00000| PB 0x0000000080a00000| Untracked 
|  11|0x0000000080b00000, 0x0000000080c00000, 0x0000000080c00000|100%|HS|  |TAMS 0x0000000080c00000| PB 0x0000000080b00000| Complete 
|  12|0x0000000080c00000, 0x0000000080d00000, 0x0000000080d00000|100%| O|  |TAMS 0x0000000080d00000| PB 0x0000000080c00000| Untracked 
|  13|0x0000000080d00000, 0x0000000080e00000, 0x0000000080e00000|100%| O|  |TAMS 0x0000000080e00000| PB 0x0000000080d00000| Untracked 
|  14|0x0000000080e00000, 0x0000000080f00000, 0x0000000080f00000|100%| O|  |TAMS 0x0000000080f00000| PB 0x0000000080e00000| Untracked 
|  15|0x0000000080f00000, 0x0000000081000000, 0x0000000081000000|100%| O|  |TAMS 0x0000000081000000| PB 0x0000000080f00000| Untracked 
|  16|0x0000000081000000, 0x0000000081100000, 0x0000000081100000|100%| O|  |TAMS 0x0000000081100000| PB 0x0000000081000000| Untracked 
|  17|0x0000000081100000, 0x0000000081200000, 0x0000000081200000|100%| O|  |TAMS 0x0000000081200000| PB 0x0000000081100000| Untracked 
|  18|0x0000000081200000, 0x0000000081300000, 0x0000000081300000|100%| O|  |TAMS 0x0000000081300000| PB 0x0000000081200000| Untracked 
|  19|0x0000000081300000, 0x0000000081400000, 0x0000000081400000|100%| O|  |TAMS 0x0000000081400000| PB 0x0000000081300000| Untracked 
|  20|0x0000000081400000, 0x0000000081500000, 0x0000000081500000|100%| O|  |TAMS 0x0000000081500000| PB 0x0000000081400000| Untracked 
|  21|0x0000000081500000, 0x0000000081600000, 0x0000000081600000|100%| O|  |TAMS 0x0000000081600000| PB 0x0000000081500000| Untracked 
|  22|0x0000000081600000, 0x0000000081700000, 0x0000000081700000|100%| O|  |TAMS 0x0000000081700000| PB 0x0000000081600000| Untracked 
|  23|0x0000000081700000, 0x0000000081800000, 0x0000000081800000|100%| O|  |TAMS 0x0000000081800000| PB 0x0000000081700000| Untracked 
|  24|0x0000000081800000, 0x0000000081900000, 0x0000000081900000|100%| O|  |TAMS 0x0000000081900000| PB 0x0000000081800000| Untracked 
|  25|0x0000000081900000, 0x0000000081a00000, 0x0000000081a00000|100%| O|  |TAMS 0x0000000081a00000| PB 0x0000000081900000| Untracked 
|  26|0x0000000081a00000, 0x0000000081b00000, 0x0000000081b00000|100%| O|  |TAMS 0x0000000081b00000| PB 0x0000000081a00000| Untracked 
|  27|0x0000000081b00000, 0x0000000081c00000, 0x0000000081c00000|100%| O|  |TAMS 0x0000000081c00000| PB 0x0000000081b00000| Untracked 
|  28|0x0000000081c00000, 0x0000000081d00000, 0x0000000081d00000|100%| O|  |TAMS 0x0000000081d00000| PB 0x0000000081c00000| Untracked 
|  29|0x0000000081d00000, 0x0000000081e00000, 0x0000000081e00000|100%| O|  |TAMS 0x0000000081e00000| PB 0x0000000081d00000| Untracked 
|  30|0x0000000081e00000, 0x0000000081f00000, 0x0000000081f00000|100%| O|  |TAMS 0x0000000081f00000| PB 0x0000000081e00000| Untracked 
|  31|0x0000000081f00000, 0x0000000082000000, 0x0000000082000000|100%| O|  |TAMS 0x0000000082000000| PB 0x0000000081f00000| Untracked 
|  32|0x0000000082000000, 0x0000000082100000, 0x0000000082100000|100%|HS|  |TAMS 0x0000000082100000| PB 0x0000000082000000| Complete 
|  33|0x0000000082100000, 0x0000000082200000, 0x0000000082200000|100%| O|  |TAMS 0x0000000082200000| PB 0x0000000082100000| Untracked 
|  34|0x0000000082200000, 0x0000000082300000, 0x0000000082300000|100%| O|  |TAMS 0x0000000082300000| PB 0x0000000082200000| Untracked 
|  35|0x0000000082300000, 0x0000000082400000, 0x0000000082400000|100%| O|  |TAMS 0x0000000082400000| PB 0x0000000082300000| Untracked 
|  36|0x0000000082400000, 0x0000000082500000, 0x0000000082500000|100%| O|  |TAMS 0x0000000082500000| PB 0x0000000082400000| Untracked 
|  37|0x0000000082500000, 0x0000000082600000, 0x0000000082600000|100%| O|  |TAMS 0x0000000082600000| PB 0x0000000082500000| Untracked 
|  38|0x0000000082600000, 0x0000000082700000, 0x0000000082700000|100%| O|  |TAMS 0x0000000082700000| PB 0x0000000082600000| Untracked 
|  39|0x0000000082700000, 0x0000000082800000, 0x0000000082800000|100%| O|  |TAMS 0x0000000082800000| PB 0x0000000082700000| Untracked 
|  40|0x0000000082800000, 0x0000000082900000, 0x0000000082900000|100%| O|  |TAMS 0x0000000082900000| PB 0x0000000082800000| Untracked 
|  41|0x0000000082900000, 0x0000000082a00000, 0x0000000082a00000|100%|HS|  |TAMS 0x0000000082a00000| PB 0x0000000082900000| Complete 
|  42|0x0000000082a00000, 0x0000000082b00000, 0x0000000082b00000|100%| O|  |TAMS 0x0000000082b00000| PB 0x0000000082a00000| Untracked 
|  43|0x0000000082b00000, 0x0000000082c00000, 0x0000000082c00000|100%| O|  |TAMS 0x0000000082c00000| PB 0x0000000082b00000| Untracked 
|  44|0x0000000082c00000, 0x0000000082d00000, 0x0000000082d00000|100%| O|  |TAMS 0x0000000082d00000| PB 0x0000000082c00000| Untracked 
|  45|0x0000000082d00000, 0x0000000082e00000, 0x0000000082e00000|100%| O|  |TAMS 0x0000000082e00000| PB 0x0000000082d00000| Untracked 
|  46|0x0000000082e00000, 0x0000000082f00000, 0x0000000082f00000|100%| O|  |TAMS 0x0000000082f00000| PB 0x0000000082e00000| Untracked 
|  47|0x0000000082f00000, 0x0000000083000000, 0x0000000083000000|100%| O|  |TAMS 0x0000000083000000| PB 0x0000000082f00000| Untracked 
|  48|0x0000000083000000, 0x0000000083100000, 0x0000000083100000|100%| O|  |TAMS 0x0000000083100000| PB 0x0000000083000000| Untracked 
|  49|0x0000000083100000, 0x0000000083200000, 0x0000000083200000|100%| O|  |TAMS 0x0000000083200000| PB 0x0000000083100000| Untracked 
|  50|0x0000000083200000, 0x0000000083300000, 0x0000000083300000|100%| O|  |TAMS 0x0000000083300000| PB 0x0000000083200000| Untracked 
|  51|0x0000000083300000, 0x0000000083400000, 0x0000000083400000|100%|HS|  |TAMS 0x0000000083400000| PB 0x0000000083300000| Complete 
|  52|0x0000000083400000, 0x0000000083500000, 0x0000000083500000|100%|HC|  |TAMS 0x0000000083500000| PB 0x0000000083400000| Complete 
|  53|0x0000000083500000, 0x0000000083600000, 0x0000000083600000|100%|HS|  |TAMS 0x0000000083600000| PB 0x0000000083500000| Complete 
|  54|0x0000000083600000, 0x0000000083700000, 0x0000000083700000|100%|HS|  |TAMS 0x0000000083700000| PB 0x0000000083600000| Complete 
|  55|0x0000000083700000, 0x0000000083800000, 0x0000000083800000|100%| O|  |TAMS 0x0000000083800000| PB 0x0000000083700000| Untracked 
|  56|0x0000000083800000, 0x0000000083900000, 0x0000000083900000|100%|HS|  |TAMS 0x0000000083900000| PB 0x0000000083800000| Complete 
|  57|0x0000000083900000, 0x0000000083a00000, 0x0000000083a00000|100%|HS|  |TAMS 0x0000000083a00000| PB 0x0000000083900000| Complete 
|  58|0x0000000083a00000, 0x0000000083b00000, 0x0000000083b00000|100%| O|  |TAMS 0x0000000083b00000| PB 0x0000000083a00000| Untracked 
|  59|0x0000000083b00000, 0x0000000083c00000, 0x0000000083c00000|100%|HS|  |TAMS 0x0000000083c00000| PB 0x0000000083b00000| Complete 
|  60|0x0000000083c00000, 0x0000000083d00000, 0x0000000083d00000|100%|HC|  |TAMS 0x0000000083d00000| PB 0x0000000083c00000| Complete 
|  61|0x0000000083d00000, 0x0000000083e00000, 0x0000000083e00000|100%| O|  |TAMS 0x0000000083e00000| PB 0x0000000083d00000| Untracked 
|  62|0x0000000083e00000, 0x0000000083f00000, 0x0000000083f00000|100%| O|  |TAMS 0x0000000083f00000| PB 0x0000000083e00000| Untracked 
|  63|0x0000000083f00000, 0x0000000084000000, 0x0000000084000000|100%| O|  |TAMS 0x0000000084000000| PB 0x0000000083f00000| Untracked 
|  64|0x0000000084000000, 0x0000000084100000, 0x0000000084100000|100%| O|  |TAMS 0x0000000084100000| PB 0x0000000084000000| Untracked 
|  65|0x0000000084100000, 0x0000000084200000, 0x0000000084200000|100%| O|  |TAMS 0x0000000084200000| PB 0x0000000084100000| Untracked 
|  66|0x0000000084200000, 0x0000000084300000, 0x0000000084300000|100%| O|  |TAMS 0x0000000084300000| PB 0x0000000084200000| Untracked 
|  67|0x0000000084300000, 0x0000000084400000, 0x0000000084400000|100%| O|  |TAMS 0x0000000084400000| PB 0x0000000084300000| Untracked 
|  68|0x0000000084400000, 0x0000000084500000, 0x0000000084500000|100%| O|  |TAMS 0x0000000084500000| PB 0x0000000084400000| Untracked 
|  69|0x0000000084500000, 0x0000000084600000, 0x0000000084600000|100%|HS|  |TAMS 0x0000000084600000| PB 0x0000000084500000| Complete 
|  70|0x0000000084600000, 0x0000000084700000, 0x0000000084700000|100%| O|  |TAMS 0x0000000084700000| PB 0x0000000084600000| Untracked 
|  71|0x0000000084700000, 0x0000000084800000, 0x0000000084800000|100%| O|  |TAMS 0x0000000084800000| PB 0x0000000084700000| Untracked 
|  72|0x0000000084800000, 0x0000000084900000, 0x0000000084900000|100%| O|  |TAMS 0x0000000084900000| PB 0x0000000084800000| Untracked 
|  73|0x0000000084900000, 0x0000000084a00000, 0x0000000084a00000|100%| O|  |TAMS 0x0000000084a00000| PB 0x0000000084900000| Untracked 
|  74|0x0000000084a00000, 0x0000000084b00000, 0x0000000084b00000|100%| O|  |TAMS 0x0000000084b00000| PB 0x0000000084a00000| Untracked 
|  75|0x0000000084b00000, 0x0000000084c00000, 0x0000000084c00000|100%| O|  |TAMS 0x0000000084c00000| PB 0x0000000084b00000| Untracked 
|  76|0x0000000084c00000, 0x0000000084d00000, 0x0000000084d00000|100%| O|  |TAMS 0x0000000084d00000| PB 0x0000000084c00000| Untracked 
|  77|0x0000000084d00000, 0x0000000084e00000, 0x0000000084e00000|100%| O|  |TAMS 0x0000000084e00000| PB 0x0000000084d00000| Untracked 
|  78|0x0000000084e00000, 0x0000000084f00000, 0x0000000084f00000|100%| O|  |TAMS 0x0000000084f00000| PB 0x0000000084e00000| Untracked 
|  79|0x0000000084f00000, 0x0000000085000000, 0x0000000085000000|100%| O|  |TAMS 0x0000000085000000| PB 0x0000000084f00000| Untracked 
|  80|0x0000000085000000, 0x0000000085100000, 0x0000000085100000|100%| O|  |TAMS 0x0000000085100000| PB 0x0000000085000000| Untracked 
|  81|0x0000000085100000, 0x0000000085200000, 0x0000000085200000|100%| O|  |TAMS 0x0000000085200000| PB 0x0000000085100000| Untracked 
|  82|0x0000000085200000, 0x0000000085300000, 0x0000000085300000|100%| O|  |TAMS 0x0000000085300000| PB 0x0000000085200000| Untracked 
|  83|0x0000000085300000, 0x0000000085400000, 0x0000000085400000|100%| O|  |TAMS 0x0000000085400000| PB 0x0000000085300000| Untracked 
|  84|0x0000000085400000, 0x0000000085500000, 0x0000000085500000|100%| O|  |TAMS 0x0000000085500000| PB 0x0000000085400000| Untracked 
|  85|0x0000000085500000, 0x0000000085600000, 0x0000000085600000|100%| O|  |TAMS 0x0000000085600000| PB 0x0000000085500000| Untracked 
|  86|0x0000000085600000, 0x0000000085700000, 0x0000000085700000|100%| O|  |TAMS 0x0000000085700000| PB 0x0000000085600000| Untracked 
|  87|0x0000000085700000, 0x0000000085700000, 0x0000000085800000|  0%| F|  |TAMS 0x0000000085700000| PB 0x0000000085700000| Untracked 
|  88|0x0000000085800000, 0x0000000085900000, 0x0000000085900000|100%| O|  |TAMS 0x0000000085900000| PB 0x0000000085800000| Untracked 
|  89|0x0000000085900000, 0x0000000085a00000, 0x0000000085a00000|100%| O|  |TAMS 0x0000000085a00000| PB 0x0000000085900000| Untracked 
|  90|0x0000000085a00000, 0x0000000085b00000, 0x0000000085b00000|100%| O|  |TAMS 0x0000000085b00000| PB 0x0000000085a00000| Untracked 
|  91|0x0000000085b00000, 0x0000000085c00000, 0x0000000085c00000|100%| O|  |TAMS 0x0000000085c00000| PB 0x0000000085b00000| Untracked 
|  92|0x0000000085c00000, 0x0000000085d00000, 0x0000000085d00000|100%| O|  |TAMS 0x0000000085d00000| PB 0x0000000085c00000| Untracked 
|  93|0x0000000085d00000, 0x0000000085e00000, 0x0000000085e00000|100%| O|  |TAMS 0x0000000085e00000| PB 0x0000000085d00000| Untracked 
|  94|0x0000000085e00000, 0x0000000085f00000, 0x0000000085f00000|100%| O|  |TAMS 0x0000000085f00000| PB 0x0000000085e00000| Untracked 
|  95|0x0000000085f00000, 0x0000000086000000, 0x0000000086000000|100%| O|  |TAMS 0x0000000086000000| PB 0x0000000085f00000| Untracked 
|  96|0x0000000086000000, 0x0000000086100000, 0x0000000086100000|100%| O|  |TAMS 0x0000000086100000| PB 0x0000000086000000| Untracked 
|  97|0x0000000086100000, 0x0000000086200000, 0x0000000086200000|100%| O|  |TAMS 0x0000000086200000| PB 0x0000000086100000| Untracked 
|  98|0x0000000086200000, 0x0000000086300000, 0x0000000086300000|100%|HS|  |TAMS 0x0000000086300000| PB 0x0000000086200000| Complete 
|  99|0x0000000086300000, 0x0000000086400000, 0x0000000086400000|100%|HC|  |TAMS 0x0000000086400000| PB 0x0000000086300000| Complete 
| 100|0x0000000086400000, 0x0000000086500000, 0x0000000086500000|100%|HC|  |TAMS 0x0000000086500000| PB 0x0000000086400000| Complete 
| 101|0x0000000086500000, 0x0000000086500000, 0x0000000086600000|  0%| F|  |TAMS 0x0000000086500000| PB 0x0000000086500000| Untracked 
| 102|0x0000000086600000, 0x0000000086600000, 0x0000000086700000|  0%| F|  |TAMS 0x0000000086600000| PB 0x0000000086600000| Untracked 
| 103|0x0000000086700000, 0x0000000086741010, 0x0000000086800000| 25%| O|  |TAMS 0x0000000086741010| PB 0x0000000086700000| Untracked 
| 104|0x0000000086800000, 0x0000000086900000, 0x0000000086900000|100%| O|  |TAMS 0x0000000086900000| PB 0x0000000086800000| Untracked 
| 105|0x0000000086900000, 0x0000000086900000, 0x0000000086a00000|  0%| F|  |TAMS 0x0000000086900000| PB 0x0000000086900000| Untracked 
| 106|0x0000000086a00000, 0x0000000086a00000, 0x0000000086b00000|  0%| F|  |TAMS 0x0000000086a00000| PB 0x0000000086a00000| Untracked 
| 107|0x0000000086b00000, 0x0000000086b00000, 0x0000000086c00000|  0%| F|  |TAMS 0x0000000086b00000| PB 0x0000000086b00000| Untracked 
| 108|0x0000000086c00000, 0x0000000086c00000, 0x0000000086d00000|  0%| F|  |TAMS 0x0000000086c00000| PB 0x0000000086c00000| Untracked 
| 109|0x0000000086d00000, 0x0000000086d00000, 0x0000000086e00000|  0%| F|  |TAMS 0x0000000086d00000| PB 0x0000000086d00000| Untracked 
| 110|0x0000000086e00000, 0x0000000086e00000, 0x0000000086f00000|  0%| F|  |TAMS 0x0000000086e00000| PB 0x0000000086e00000| Untracked 
| 111|0x0000000086f00000, 0x0000000086f00000, 0x0000000087000000|  0%| F|  |TAMS 0x0000000086f00000| PB 0x0000000086f00000| Untracked 
| 112|0x0000000087000000, 0x0000000087100000, 0x0000000087100000|100%| O|  |TAMS 0x0000000087100000| PB 0x0000000087000000| Untracked 
| 113|0x0000000087100000, 0x0000000087200000, 0x0000000087200000|100%| O|  |TAMS 0x0000000087200000| PB 0x0000000087100000| Untracked 
| 114|0x0000000087200000, 0x0000000087300000, 0x0000000087300000|100%| O|  |TAMS 0x0000000087300000| PB 0x0000000087200000| Untracked 
| 115|0x0000000087300000, 0x0000000087400000, 0x0000000087400000|100%| O|  |TAMS 0x0000000087400000| PB 0x0000000087300000| Untracked 
| 116|0x0000000087400000, 0x0000000087500000, 0x0000000087500000|100%| O|  |TAMS 0x0000000087500000| PB 0x0000000087400000| Untracked 
| 117|0x0000000087500000, 0x0000000087600000, 0x0000000087600000|100%| O|  |TAMS 0x0000000087600000| PB 0x0000000087500000| Untracked 
| 118|0x0000000087600000, 0x0000000087700000, 0x0000000087700000|100%| O|  |TAMS 0x0000000087700000| PB 0x0000000087600000| Untracked 
| 119|0x0000000087700000, 0x0000000087800000, 0x0000000087800000|100%| O|  |TAMS 0x0000000087800000| PB 0x0000000087700000| Untracked 
| 120|0x0000000087800000, 0x0000000087800000, 0x0000000087900000|  0%| F|  |TAMS 0x0000000087800000| PB 0x0000000087800000| Untracked 
| 121|0x0000000087900000, 0x0000000087a00000, 0x0000000087a00000|100%| O|  |TAMS 0x0000000087a00000| PB 0x0000000087900000| Untracked 
| 122|0x0000000087a00000, 0x0000000087a00000, 0x0000000087b00000|  0%| F|  |TAMS 0x0000000087a00000| PB 0x0000000087a00000| Untracked 
| 123|0x0000000087b00000, 0x0000000087b00000, 0x0000000087c00000|  0%| F|  |TAMS 0x0000000087b00000| PB 0x0000000087b00000| Untracked 
| 124|0x0000000087c00000, 0x0000000087c00000, 0x0000000087d00000|  0%| F|  |TAMS 0x0000000087c00000| PB 0x0000000087c00000| Untracked 
| 125|0x0000000087d00000, 0x0000000087d00000, 0x0000000087e00000|  0%| F|  |TAMS 0x0000000087d00000| PB 0x0000000087d00000| Untracked 
| 126|0x0000000087e00000, 0x0000000087e00000, 0x0000000087f00000|  0%| F|  |TAMS 0x0000000087e00000| PB 0x0000000087e00000| Untracked 
| 127|0x0000000087f00000, 0x0000000087f00000, 0x0000000088000000|  0%| F|  |TAMS 0x0000000087f00000| PB 0x0000000087f00000| Untracked 
| 128|0x0000000088000000, 0x0000000088000000, 0x0000000088100000|  0%| F|  |TAMS 0x0000000088000000| PB 0x0000000088000000| Untracked 
| 129|0x0000000088100000, 0x0000000088100000, 0x0000000088200000|  0%| F|  |TAMS 0x0000000088100000| PB 0x0000000088100000| Untracked 
| 130|0x0000000088200000, 0x0000000088300000, 0x0000000088300000|100%| S|  |TAMS 0x0000000088200000| PB 0x0000000088200000| Complete 
| 131|0x0000000088300000, 0x0000000088400000, 0x0000000088400000|100%| S|  |TAMS 0x0000000088300000| PB 0x0000000088300000| Complete 
| 132|0x0000000088400000, 0x0000000088500000, 0x0000000088500000|100%| S|  |TAMS 0x0000000088400000| PB 0x0000000088400000| Complete 
| 133|0x0000000088500000, 0x0000000088600000, 0x0000000088600000|100%| S|  |TAMS 0x0000000088500000| PB 0x0000000088500000| Complete 
| 134|0x0000000088600000, 0x0000000088700000, 0x0000000088700000|100%| S|  |TAMS 0x0000000088600000| PB 0x0000000088600000| Complete 
| 135|0x0000000088700000, 0x0000000088800000, 0x0000000088800000|100%| S|  |TAMS 0x0000000088700000| PB 0x0000000088700000| Complete 
| 136|0x0000000088800000, 0x0000000088900000, 0x0000000088900000|100%| S|  |TAMS 0x0000000088800000| PB 0x0000000088800000| Complete 
| 137|0x0000000088900000, 0x0000000088a00000, 0x0000000088a00000|100%| S|  |TAMS 0x0000000088900000| PB 0x0000000088900000| Complete 
| 138|0x0000000088a00000, 0x0000000088b00000, 0x0000000088b00000|100%| S|  |TAMS 0x0000000088a00000| PB 0x0000000088a00000| Complete 
| 139|0x0000000088b00000, 0x0000000088c00000, 0x0000000088c00000|100%| S|  |TAMS 0x0000000088b00000| PB 0x0000000088b00000| Complete 
| 140|0x0000000088c00000, 0x0000000088d00000, 0x0000000088d00000|100%| S|  |TAMS 0x0000000088c00000| PB 0x0000000088c00000| Complete 
| 141|0x0000000088d00000, 0x0000000088d00000, 0x0000000088e00000|  0%| F|  |TAMS 0x0000000088d00000| PB 0x0000000088d00000| Untracked 
| 142|0x0000000088e00000, 0x0000000088e00000, 0x0000000088f00000|  0%| F|  |TAMS 0x0000000088e00000| PB 0x0000000088e00000| Untracked 
| 143|0x0000000088f00000, 0x0000000088f00000, 0x0000000089000000|  0%| F|  |TAMS 0x0000000088f00000| PB 0x0000000088f00000| Untracked 
| 144|0x0000000089000000, 0x0000000089000000, 0x0000000089100000|  0%| F|  |TAMS 0x0000000089000000| PB 0x0000000089000000| Untracked 
| 145|0x0000000089100000, 0x0000000089200000, 0x0000000089200000|100%| S|CS|TAMS 0x0000000089100000| PB 0x0000000089100000| Complete 
| 146|0x0000000089200000, 0x0000000089300000, 0x0000000089300000|100%| S|CS|TAMS 0x0000000089200000| PB 0x0000000089200000| Complete 
| 147|0x0000000089300000, 0x0000000089400000, 0x0000000089400000|100%| S|CS|TAMS 0x0000000089300000| PB 0x0000000089300000| Complete 
| 148|0x0000000089400000, 0x0000000089500000, 0x0000000089500000|100%| S|CS|TAMS 0x0000000089400000| PB 0x0000000089400000| Complete 
| 149|0x0000000089500000, 0x0000000089600000, 0x0000000089600000|100%| S|CS|TAMS 0x0000000089500000| PB 0x0000000089500000| Complete 
| 150|0x0000000089600000, 0x0000000089700000, 0x0000000089700000|100%| S|CS|TAMS 0x0000000089600000| PB 0x0000000089600000| Complete 
| 151|0x0000000089700000, 0x0000000089800000, 0x0000000089800000|100%| S|CS|TAMS 0x0000000089700000| PB 0x0000000089700000| Complete 
| 152|0x0000000089800000, 0x0000000089900000, 0x0000000089900000|100%| S|CS|TAMS 0x0000000089800000| PB 0x0000000089800000| Complete 
| 153|0x0000000089900000, 0x0000000089900000, 0x0000000089a00000|  0%| F|  |TAMS 0x0000000089900000| PB 0x0000000089900000| Untracked 
| 154|0x0000000089a00000, 0x0000000089a00000, 0x0000000089b00000|  0%| F|  |TAMS 0x0000000089a00000| PB 0x0000000089a00000| Untracked 
| 155|0x0000000089b00000, 0x0000000089b00000, 0x0000000089c00000|  0%| F|  |TAMS 0x0000000089b00000| PB 0x0000000089b00000| Untracked 
| 156|0x0000000089c00000, 0x0000000089c00000, 0x0000000089d00000|  0%| F|  |TAMS 0x0000000089c00000| PB 0x0000000089c00000| Untracked 
| 157|0x0000000089d00000, 0x0000000089d00000, 0x0000000089e00000|  0%| F|  |TAMS 0x0000000089d00000| PB 0x0000000089d00000| Untracked 
| 158|0x0000000089e00000, 0x0000000089e00000, 0x0000000089f00000|  0%| F|  |TAMS 0x0000000089e00000| PB 0x0000000089e00000| Untracked 
| 159|0x0000000089f00000, 0x0000000089f00000, 0x000000008a000000|  0%| F|  |TAMS 0x0000000089f00000| PB 0x0000000089f00000| Untracked 
| 160|0x000000008a000000, 0x000000008a000000, 0x000000008a100000|  0%| F|  |TAMS 0x000000008a000000| PB 0x000000008a000000| Untracked 
| 161|0x000000008a100000, 0x000000008a200000, 0x000000008a200000|100%| S|CS|TAMS 0x000000008a100000| PB 0x000000008a100000| Complete 
| 162|0x000000008a200000, 0x000000008a300000, 0x000000008a300000|100%| S|CS|TAMS 0x000000008a200000| PB 0x000000008a200000| Complete 
| 163|0x000000008a300000, 0x000000008a400000, 0x000000008a400000|100%| S|CS|TAMS 0x000000008a300000| PB 0x000000008a300000| Complete 
| 164|0x000000008a400000, 0x000000008a500000, 0x000000008a500000|100%| S|CS|TAMS 0x000000008a400000| PB 0x000000008a400000| Complete 
| 165|0x000000008a500000, 0x000000008a500000, 0x000000008a600000|  0%| F|  |TAMS 0x000000008a500000| PB 0x000000008a500000| Untracked 
| 166|0x000000008a600000, 0x000000008a600000, 0x000000008a700000|  0%| F|  |TAMS 0x000000008a600000| PB 0x000000008a600000| Untracked 
| 167|0x000000008a700000, 0x000000008a700000, 0x000000008a800000|  0%| F|  |TAMS 0x000000008a700000| PB 0x000000008a700000| Untracked 
| 168|0x000000008a800000, 0x000000008a800000, 0x000000008a900000|  0%| F|  |TAMS 0x000000008a800000| PB 0x000000008a800000| Untracked 
| 169|0x000000008a900000, 0x000000008a900000, 0x000000008aa00000|  0%| F|  |TAMS 0x000000008a900000| PB 0x000000008a900000| Untracked 
| 170|0x000000008aa00000, 0x000000008aa00000, 0x000000008ab00000|  0%| F|  |TAMS 0x000000008aa00000| PB 0x000000008aa00000| Untracked 
| 171|0x000000008ab00000, 0x000000008ab00000, 0x000000008ac00000|  0%| F|  |TAMS 0x000000008ab00000| PB 0x000000008ab00000| Untracked 
| 172|0x000000008ac00000, 0x000000008ac00000, 0x000000008ad00000|  0%| F|  |TAMS 0x000000008ac00000| PB 0x000000008ac00000| Untracked 
| 173|0x000000008ad00000, 0x000000008ad00000, 0x000000008ae00000|  0%| F|  |TAMS 0x000000008ad00000| PB 0x000000008ad00000| Untracked 
| 174|0x000000008ae00000, 0x000000008ae00000, 0x000000008af00000|  0%| F|  |TAMS 0x000000008ae00000| PB 0x000000008ae00000| Untracked 
| 175|0x000000008af00000, 0x000000008af00000, 0x000000008b000000|  0%| F|  |TAMS 0x000000008af00000| PB 0x000000008af00000| Untracked 
| 176|0x000000008b000000, 0x000000008b000000, 0x000000008b100000|  0%| F|  |TAMS 0x000000008b000000| PB 0x000000008b000000| Untracked 
| 177|0x000000008b100000, 0x000000008b100000, 0x000000008b200000|  0%| F|  |TAMS 0x000000008b100000| PB 0x000000008b100000| Untracked 
| 178|0x000000008b200000, 0x000000008b200000, 0x000000008b300000|  0%| F|  |TAMS 0x000000008b200000| PB 0x000000008b200000| Untracked 
| 179|0x000000008b300000, 0x000000008b300000, 0x000000008b400000|  0%| F|  |TAMS 0x000000008b300000| PB 0x000000008b300000| Untracked 
| 180|0x000000008b400000, 0x000000008b400000, 0x000000008b500000|  0%| F|  |TAMS 0x000000008b400000| PB 0x000000008b400000| Untracked 
| 181|0x000000008b500000, 0x000000008b500000, 0x000000008b600000|  0%| F|  |TAMS 0x000000008b500000| PB 0x000000008b500000| Untracked 
| 182|0x000000008b600000, 0x000000008b600000, 0x000000008b700000|  0%| F|  |TAMS 0x000000008b600000| PB 0x000000008b600000| Untracked 
| 183|0x000000008b700000, 0x000000008b700000, 0x000000008b800000|  0%| F|  |TAMS 0x000000008b700000| PB 0x000000008b700000| Untracked 
| 184|0x000000008b800000, 0x000000008b800000, 0x000000008b900000|  0%| F|  |TAMS 0x000000008b800000| PB 0x000000008b800000| Untracked 
| 185|0x000000008b900000, 0x000000008b900000, 0x000000008ba00000|  0%| F|  |TAMS 0x000000008b900000| PB 0x000000008b900000| Untracked 
| 186|0x000000008ba00000, 0x000000008ba00000, 0x000000008bb00000|  0%| F|  |TAMS 0x000000008ba00000| PB 0x000000008ba00000| Untracked 
| 187|0x000000008bb00000, 0x000000008bb00000, 0x000000008bc00000|  0%| F|  |TAMS 0x000000008bb00000| PB 0x000000008bb00000| Untracked 
| 188|0x000000008bc00000, 0x000000008bc00000, 0x000000008bd00000|  0%| F|  |TAMS 0x000000008bc00000| PB 0x000000008bc00000| Untracked 
| 189|0x000000008bd00000, 0x000000008bd00000, 0x000000008be00000|  0%| F|  |TAMS 0x000000008bd00000| PB 0x000000008bd00000| Untracked 
| 190|0x000000008be00000, 0x000000008be00000, 0x000000008bf00000|  0%| F|  |TAMS 0x000000008be00000| PB 0x000000008be00000| Untracked 
| 191|0x000000008bf00000, 0x000000008bf00000, 0x000000008c000000|  0%| F|  |TAMS 0x000000008bf00000| PB 0x000000008bf00000| Untracked 
| 192|0x000000008c000000, 0x000000008c000000, 0x000000008c100000|  0%| F|  |TAMS 0x000000008c000000| PB 0x000000008c000000| Untracked 
| 193|0x000000008c100000, 0x000000008c100000, 0x000000008c200000|  0%| F|  |TAMS 0x000000008c100000| PB 0x000000008c100000| Untracked 
| 194|0x000000008c200000, 0x000000008c200000, 0x000000008c300000|  0%| F|  |TAMS 0x000000008c200000| PB 0x000000008c200000| Untracked 
| 195|0x000000008c300000, 0x000000008c300000, 0x000000008c400000|  0%| F|  |TAMS 0x000000008c300000| PB 0x000000008c300000| Untracked 
| 196|0x000000008c400000, 0x000000008c400000, 0x000000008c500000|  0%| F|  |TAMS 0x000000008c400000| PB 0x000000008c400000| Untracked 
| 197|0x000000008c500000, 0x000000008c500000, 0x000000008c600000|  0%| F|  |TAMS 0x000000008c500000| PB 0x000000008c500000| Untracked 
| 198|0x000000008c600000, 0x000000008c600000, 0x000000008c700000|  0%| F|  |TAMS 0x000000008c600000| PB 0x000000008c600000| Untracked 
| 199|0x000000008c700000, 0x000000008c700000, 0x000000008c800000|  0%| F|  |TAMS 0x000000008c700000| PB 0x000000008c700000| Untracked 
| 200|0x000000008c800000, 0x000000008c800000, 0x000000008c900000|  0%| F|  |TAMS 0x000000008c800000| PB 0x000000008c800000| Untracked 
| 201|0x000000008c900000, 0x000000008c900000, 0x000000008ca00000|  0%| F|  |TAMS 0x000000008c900000| PB 0x000000008c900000| Untracked 
| 202|0x000000008ca00000, 0x000000008ca00000, 0x000000008cb00000|  0%| F|  |TAMS 0x000000008ca00000| PB 0x000000008ca00000| Untracked 
| 203|0x000000008cb00000, 0x000000008cb00000, 0x000000008cc00000|  0%| F|  |TAMS 0x000000008cb00000| PB 0x000000008cb00000| Untracked 
| 204|0x000000008cc00000, 0x000000008cc00000, 0x000000008cd00000|  0%| F|  |TAMS 0x000000008cc00000| PB 0x000000008cc00000| Untracked 
| 205|0x000000008cd00000, 0x000000008cd00000, 0x000000008ce00000|  0%| F|  |TAMS 0x000000008cd00000| PB 0x000000008cd00000| Untracked 
| 206|0x000000008ce00000, 0x000000008ce00000, 0x000000008cf00000|  0%| F|  |TAMS 0x000000008ce00000| PB 0x000000008ce00000| Untracked 
| 207|0x000000008cf00000, 0x000000008cf00000, 0x000000008d000000|  0%| F|  |TAMS 0x000000008cf00000| PB 0x000000008cf00000| Untracked 
| 208|0x000000008d000000, 0x000000008d000000, 0x000000008d100000|  0%| F|  |TAMS 0x000000008d000000| PB 0x000000008d000000| Untracked 
| 209|0x000000008d100000, 0x000000008d100000, 0x000000008d200000|  0%| F|  |TAMS 0x000000008d100000| PB 0x000000008d100000| Untracked 
| 210|0x000000008d200000, 0x000000008d200000, 0x000000008d300000|  0%| F|  |TAMS 0x000000008d200000| PB 0x000000008d200000| Untracked 
| 211|0x000000008d300000, 0x000000008d300000, 0x000000008d400000|  0%| F|  |TAMS 0x000000008d300000| PB 0x000000008d300000| Untracked 
| 212|0x000000008d400000, 0x000000008d400000, 0x000000008d500000|  0%| F|  |TAMS 0x000000008d400000| PB 0x000000008d400000| Untracked 
| 213|0x000000008d500000, 0x000000008d500000, 0x000000008d600000|  0%| F|  |TAMS 0x000000008d500000| PB 0x000000008d500000| Untracked 
| 214|0x000000008d600000, 0x000000008d600000, 0x000000008d700000|  0%| F|  |TAMS 0x000000008d600000| PB 0x000000008d600000| Untracked 
| 215|0x000000008d700000, 0x000000008d700000, 0x000000008d800000|  0%| F|  |TAMS 0x000000008d700000| PB 0x000000008d700000| Untracked 
| 216|0x000000008d800000, 0x000000008d800000, 0x000000008d900000|  0%| F|  |TAMS 0x000000008d800000| PB 0x000000008d800000| Untracked 
| 217|0x000000008d900000, 0x000000008d900000, 0x000000008da00000|  0%| F|  |TAMS 0x000000008d900000| PB 0x000000008d900000| Untracked 
| 218|0x000000008da00000, 0x000000008da00000, 0x000000008db00000|  0%| F|  |TAMS 0x000000008da00000| PB 0x000000008da00000| Untracked 
| 219|0x000000008db00000, 0x000000008db00000, 0x000000008dc00000|  0%| F|  |TAMS 0x000000008db00000| PB 0x000000008db00000| Untracked 
| 220|0x000000008dc00000, 0x000000008dc00000, 0x000000008dd00000|  0%| F|  |TAMS 0x000000008dc00000| PB 0x000000008dc00000| Untracked 
| 221|0x000000008dd00000, 0x000000008dd00000, 0x000000008de00000|  0%| F|  |TAMS 0x000000008dd00000| PB 0x000000008dd00000| Untracked 
| 222|0x000000008de00000, 0x000000008de00000, 0x000000008df00000|  0%| F|  |TAMS 0x000000008de00000| PB 0x000000008de00000| Untracked 
| 223|0x000000008df00000, 0x000000008df00000, 0x000000008e000000|  0%| F|  |TAMS 0x000000008df00000| PB 0x000000008df00000| Untracked 
| 224|0x000000008e000000, 0x000000008e000000, 0x000000008e100000|  0%| F|  |TAMS 0x000000008e000000| PB 0x000000008e000000| Untracked 
| 225|0x000000008e100000, 0x000000008e100000, 0x000000008e200000|  0%| F|  |TAMS 0x000000008e100000| PB 0x000000008e100000| Untracked 
| 226|0x000000008e200000, 0x000000008e200000, 0x000000008e300000|  0%| F|  |TAMS 0x000000008e200000| PB 0x000000008e200000| Untracked 
| 227|0x000000008e300000, 0x000000008e300000, 0x000000008e400000|  0%| F|  |TAMS 0x000000008e300000| PB 0x000000008e300000| Untracked 
| 228|0x000000008e400000, 0x000000008e400000, 0x000000008e500000|  0%| F|  |TAMS 0x000000008e400000| PB 0x000000008e400000| Untracked 
| 229|0x000000008e500000, 0x000000008e500000, 0x000000008e600000|  0%| F|  |TAMS 0x000000008e500000| PB 0x000000008e500000| Untracked 
| 230|0x000000008e600000, 0x000000008e600000, 0x000000008e700000|  0%| F|  |TAMS 0x000000008e600000| PB 0x000000008e600000| Untracked 
| 231|0x000000008e700000, 0x000000008e700000, 0x000000008e800000|  0%| F|  |TAMS 0x000000008e700000| PB 0x000000008e700000| Untracked 
| 232|0x000000008e800000, 0x000000008e800000, 0x000000008e900000|  0%| F|  |TAMS 0x000000008e800000| PB 0x000000008e800000| Untracked 
| 233|0x000000008e900000, 0x000000008e900000, 0x000000008ea00000|  0%| F|  |TAMS 0x000000008e900000| PB 0x000000008e900000| Untracked 
| 234|0x000000008ea00000, 0x000000008ea00000, 0x000000008eb00000|  0%| F|  |TAMS 0x000000008ea00000| PB 0x000000008ea00000| Untracked 
| 235|0x000000008eb00000, 0x000000008eb00000, 0x000000008ec00000|  0%| F|  |TAMS 0x000000008eb00000| PB 0x000000008eb00000| Untracked 
| 236|0x000000008ec00000, 0x000000008ec00000, 0x000000008ed00000|  0%| F|  |TAMS 0x000000008ec00000| PB 0x000000008ec00000| Untracked 
| 237|0x000000008ed00000, 0x000000008ed00000, 0x000000008ee00000|  0%| F|  |TAMS 0x000000008ed00000| PB 0x000000008ed00000| Untracked 
| 238|0x000000008ee00000, 0x000000008ee00000, 0x000000008ef00000|  0%| F|  |TAMS 0x000000008ee00000| PB 0x000000008ee00000| Untracked 
| 239|0x000000008ef00000, 0x000000008ef00000, 0x000000008f000000|  0%| F|  |TAMS 0x000000008ef00000| PB 0x000000008ef00000| Untracked 
| 240|0x000000008f000000, 0x000000008f000000, 0x000000008f100000|  0%| F|  |TAMS 0x000000008f000000| PB 0x000000008f000000| Untracked 
| 241|0x000000008f100000, 0x000000008f100000, 0x000000008f200000|  0%| F|  |TAMS 0x000000008f100000| PB 0x000000008f100000| Untracked 
| 242|0x000000008f200000, 0x000000008f200000, 0x000000008f300000|  0%| F|  |TAMS 0x000000008f200000| PB 0x000000008f200000| Untracked 
| 243|0x000000008f300000, 0x000000008f300000, 0x000000008f400000|  0%| F|  |TAMS 0x000000008f300000| PB 0x000000008f300000| Untracked 
| 244|0x000000008f400000, 0x000000008f400000, 0x000000008f500000|  0%| F|  |TAMS 0x000000008f400000| PB 0x000000008f400000| Untracked 
| 245|0x000000008f500000, 0x000000008f500000, 0x000000008f600000|  0%| F|  |TAMS 0x000000008f500000| PB 0x000000008f500000| Untracked 
| 246|0x000000008f600000, 0x000000008f600000, 0x000000008f700000|  0%| F|  |TAMS 0x000000008f600000| PB 0x000000008f600000| Untracked 
| 247|0x000000008f700000, 0x000000008f700000, 0x000000008f800000|  0%| F|  |TAMS 0x000000008f700000| PB 0x000000008f700000| Untracked 
| 248|0x000000008f800000, 0x000000008f800000, 0x000000008f900000|  0%| F|  |TAMS 0x000000008f800000| PB 0x000000008f800000| Untracked 
| 249|0x000000008f900000, 0x000000008f900000, 0x000000008fa00000|  0%| F|  |TAMS 0x000000008f900000| PB 0x000000008f900000| Untracked 
| 250|0x000000008fa00000, 0x000000008fa00000, 0x000000008fb00000|  0%| F|  |TAMS 0x000000008fa00000| PB 0x000000008fa00000| Untracked 
| 251|0x000000008fb00000, 0x000000008fb00000, 0x000000008fc00000|  0%| F|  |TAMS 0x000000008fb00000| PB 0x000000008fb00000| Untracked 
| 252|0x000000008fc00000, 0x000000008fc00000, 0x000000008fd00000|  0%| F|  |TAMS 0x000000008fc00000| PB 0x000000008fc00000| Untracked 
| 253|0x000000008fd00000, 0x000000008fd00000, 0x000000008fe00000|  0%| F|  |TAMS 0x000000008fd00000| PB 0x000000008fd00000| Untracked 
| 254|0x000000008fe00000, 0x000000008fe00000, 0x000000008ff00000|  0%| F|  |TAMS 0x000000008fe00000| PB 0x000000008fe00000| Untracked 
| 255|0x000000008ff00000, 0x000000008ff00000, 0x0000000090000000|  0%| F|  |TAMS 0x000000008ff00000| PB 0x000000008ff00000| Untracked 
| 256|0x0000000090000000, 0x0000000090000000, 0x0000000090100000|  0%| F|  |TAMS 0x0000000090000000| PB 0x0000000090000000| Untracked 
| 257|0x0000000090100000, 0x0000000090100000, 0x0000000090200000|  0%| F|  |TAMS 0x0000000090100000| PB 0x0000000090100000| Untracked 
| 258|0x0000000090200000, 0x0000000090200000, 0x0000000090300000|  0%| F|  |TAMS 0x0000000090200000| PB 0x0000000090200000| Untracked 
| 259|0x0000000090300000, 0x0000000090300000, 0x0000000090400000|  0%| F|  |TAMS 0x0000000090300000| PB 0x0000000090300000| Untracked 
| 260|0x0000000090400000, 0x0000000090400000, 0x0000000090500000|  0%| F|  |TAMS 0x0000000090400000| PB 0x0000000090400000| Untracked 
| 261|0x0000000090500000, 0x0000000090500000, 0x0000000090600000|  0%| F|  |TAMS 0x0000000090500000| PB 0x0000000090500000| Untracked 
| 262|0x0000000090600000, 0x0000000090600000, 0x0000000090700000|  0%| F|  |TAMS 0x0000000090600000| PB 0x0000000090600000| Untracked 
| 263|0x0000000090700000, 0x0000000090700000, 0x0000000090800000|  0%| F|  |TAMS 0x0000000090700000| PB 0x0000000090700000| Untracked 
| 264|0x0000000090800000, 0x0000000090800000, 0x0000000090900000|  0%| F|  |TAMS 0x0000000090800000| PB 0x0000000090800000| Untracked 
| 265|0x0000000090900000, 0x0000000090900000, 0x0000000090a00000|  0%| F|  |TAMS 0x0000000090900000| PB 0x0000000090900000| Untracked 
| 266|0x0000000090a00000, 0x0000000090a00000, 0x0000000090b00000|  0%| F|  |TAMS 0x0000000090a00000| PB 0x0000000090a00000| Untracked 
| 267|0x0000000090b00000, 0x0000000090b00000, 0x0000000090c00000|  0%| F|  |TAMS 0x0000000090b00000| PB 0x0000000090b00000| Untracked 
| 268|0x0000000090c00000, 0x0000000090c00000, 0x0000000090d00000|  0%| F|  |TAMS 0x0000000090c00000| PB 0x0000000090c00000| Untracked 
| 269|0x0000000090d00000, 0x0000000090d00000, 0x0000000090e00000|  0%| F|  |TAMS 0x0000000090d00000| PB 0x0000000090d00000| Untracked 
| 270|0x0000000090e00000, 0x0000000090e00000, 0x0000000090f00000|  0%| F|  |TAMS 0x0000000090e00000| PB 0x0000000090e00000| Untracked 
| 271|0x0000000090f00000, 0x0000000090f00000, 0x0000000091000000|  0%| F|  |TAMS 0x0000000090f00000| PB 0x0000000090f00000| Untracked 
| 272|0x0000000091000000, 0x0000000091000000, 0x0000000091100000|  0%| F|  |TAMS 0x0000000091000000| PB 0x0000000091000000| Untracked 
| 273|0x0000000091100000, 0x0000000091100000, 0x0000000091200000|  0%| F|  |TAMS 0x0000000091100000| PB 0x0000000091100000| Untracked 
| 274|0x0000000091200000, 0x0000000091200000, 0x0000000091300000|  0%| F|  |TAMS 0x0000000091200000| PB 0x0000000091200000| Untracked 
| 275|0x0000000091300000, 0x0000000091300000, 0x0000000091400000|  0%| F|  |TAMS 0x0000000091300000| PB 0x0000000091300000| Untracked 
| 276|0x0000000091400000, 0x0000000091400000, 0x0000000091500000|  0%| F|  |TAMS 0x0000000091400000| PB 0x0000000091400000| Untracked 
| 277|0x0000000091500000, 0x0000000091500000, 0x0000000091600000|  0%| F|  |TAMS 0x0000000091500000| PB 0x0000000091500000| Untracked 
| 278|0x0000000091600000, 0x0000000091600000, 0x0000000091700000|  0%| F|  |TAMS 0x0000000091600000| PB 0x0000000091600000| Untracked 
| 279|0x0000000091700000, 0x0000000091700000, 0x0000000091800000|  0%| F|  |TAMS 0x0000000091700000| PB 0x0000000091700000| Untracked 
| 280|0x0000000091800000, 0x0000000091800000, 0x0000000091900000|  0%| F|  |TAMS 0x0000000091800000| PB 0x0000000091800000| Untracked 
| 281|0x0000000091900000, 0x0000000091900000, 0x0000000091a00000|  0%| F|  |TAMS 0x0000000091900000| PB 0x0000000091900000| Untracked 
| 282|0x0000000091a00000, 0x0000000091a00000, 0x0000000091b00000|  0%| F|  |TAMS 0x0000000091a00000| PB 0x0000000091a00000| Untracked 
| 283|0x0000000091b00000, 0x0000000091b00000, 0x0000000091c00000|  0%| F|  |TAMS 0x0000000091b00000| PB 0x0000000091b00000| Untracked 
| 284|0x0000000091c00000, 0x0000000091c00000, 0x0000000091d00000|  0%| F|  |TAMS 0x0000000091c00000| PB 0x0000000091c00000| Untracked 
| 285|0x0000000091d00000, 0x0000000091d00000, 0x0000000091e00000|  0%| F|  |TAMS 0x0000000091d00000| PB 0x0000000091d00000| Untracked 
| 286|0x0000000091e00000, 0x0000000091e00000, 0x0000000091f00000|  0%| F|  |TAMS 0x0000000091e00000| PB 0x0000000091e00000| Untracked 
| 287|0x0000000091f00000, 0x0000000091f00000, 0x0000000092000000|  0%| F|  |TAMS 0x0000000091f00000| PB 0x0000000091f00000| Untracked 
| 288|0x0000000092000000, 0x0000000092000000, 0x0000000092100000|  0%| F|  |TAMS 0x0000000092000000| PB 0x0000000092000000| Untracked 
| 289|0x0000000092100000, 0x0000000092100000, 0x0000000092200000|  0%| F|  |TAMS 0x0000000092100000| PB 0x0000000092100000| Untracked 
| 290|0x0000000092200000, 0x0000000092200000, 0x0000000092300000|  0%| F|  |TAMS 0x0000000092200000| PB 0x0000000092200000| Untracked 
| 291|0x0000000092300000, 0x0000000092300000, 0x0000000092400000|  0%| F|  |TAMS 0x0000000092300000| PB 0x0000000092300000| Untracked 
| 292|0x0000000092400000, 0x0000000092400000, 0x0000000092500000|  0%| F|  |TAMS 0x0000000092400000| PB 0x0000000092400000| Untracked 
| 293|0x0000000092500000, 0x0000000092500000, 0x0000000092600000|  0%| F|  |TAMS 0x0000000092500000| PB 0x0000000092500000| Untracked 
| 294|0x0000000092600000, 0x0000000092600000, 0x0000000092700000|  0%| F|  |TAMS 0x0000000092600000| PB 0x0000000092600000| Untracked 
| 295|0x0000000092700000, 0x0000000092700000, 0x0000000092800000|  0%| F|  |TAMS 0x0000000092700000| PB 0x0000000092700000| Untracked 
| 296|0x0000000092800000, 0x0000000092800000, 0x0000000092900000|  0%| F|  |TAMS 0x0000000092800000| PB 0x0000000092800000| Untracked 
| 297|0x0000000092900000, 0x0000000092900000, 0x0000000092a00000|  0%| F|  |TAMS 0x0000000092900000| PB 0x0000000092900000| Untracked 
| 298|0x0000000092a00000, 0x0000000092a00000, 0x0000000092b00000|  0%| F|  |TAMS 0x0000000092a00000| PB 0x0000000092a00000| Untracked 
| 299|0x0000000092b00000, 0x0000000092b00000, 0x0000000092c00000|  0%| F|  |TAMS 0x0000000092b00000| PB 0x0000000092b00000| Untracked 
| 300|0x0000000092c00000, 0x0000000092c00000, 0x0000000092d00000|  0%| F|  |TAMS 0x0000000092c00000| PB 0x0000000092c00000| Untracked 
| 301|0x0000000092d00000, 0x0000000092d00000, 0x0000000092e00000|  0%| F|  |TAMS 0x0000000092d00000| PB 0x0000000092d00000| Untracked 
| 302|0x0000000092e00000, 0x0000000092e00000, 0x0000000092f00000|  0%| F|  |TAMS 0x0000000092e00000| PB 0x0000000092e00000| Untracked 
| 303|0x0000000092f00000, 0x0000000092f00000, 0x0000000093000000|  0%| F|  |TAMS 0x0000000092f00000| PB 0x0000000092f00000| Untracked 
| 304|0x0000000093000000, 0x0000000093000000, 0x0000000093100000|  0%| F|  |TAMS 0x0000000093000000| PB 0x0000000093000000| Untracked 
| 305|0x0000000093100000, 0x0000000093100000, 0x0000000093200000|  0%| F|  |TAMS 0x0000000093100000| PB 0x0000000093100000| Untracked 
| 306|0x0000000093200000, 0x0000000093200000, 0x0000000093300000|  0%| F|  |TAMS 0x0000000093200000| PB 0x0000000093200000| Untracked 
| 307|0x0000000093300000, 0x0000000093300000, 0x0000000093400000|  0%| F|  |TAMS 0x0000000093300000| PB 0x0000000093300000| Untracked 
| 308|0x0000000093400000, 0x0000000093400000, 0x0000000093500000|  0%| F|  |TAMS 0x0000000093400000| PB 0x0000000093400000| Untracked 
| 309|0x0000000093500000, 0x0000000093500000, 0x0000000093600000|  0%| F|  |TAMS 0x0000000093500000| PB 0x0000000093500000| Untracked 
| 310|0x0000000093600000, 0x0000000093600000, 0x0000000093700000|  0%| F|  |TAMS 0x0000000093600000| PB 0x0000000093600000| Untracked 
| 311|0x0000000093700000, 0x0000000093700000, 0x0000000093800000|  0%| F|  |TAMS 0x0000000093700000| PB 0x0000000093700000| Untracked 
| 312|0x0000000093800000, 0x0000000093800000, 0x0000000093900000|  0%| F|  |TAMS 0x0000000093800000| PB 0x0000000093800000| Untracked 
| 313|0x0000000093900000, 0x0000000093900000, 0x0000000093a00000|  0%| F|  |TAMS 0x0000000093900000| PB 0x0000000093900000| Untracked 
| 314|0x0000000093a00000, 0x0000000093a00000, 0x0000000093b00000|  0%| F|  |TAMS 0x0000000093a00000| PB 0x0000000093a00000| Untracked 
| 315|0x0000000093b00000, 0x0000000093b00000, 0x0000000093c00000|  0%| F|  |TAMS 0x0000000093b00000| PB 0x0000000093b00000| Untracked 
| 316|0x0000000093c00000, 0x0000000093c00000, 0x0000000093d00000|  0%| F|  |TAMS 0x0000000093c00000| PB 0x0000000093c00000| Untracked 
| 317|0x0000000093d00000, 0x0000000093d00000, 0x0000000093e00000|  0%| F|  |TAMS 0x0000000093d00000| PB 0x0000000093d00000| Untracked 
| 318|0x0000000093e00000, 0x0000000093e00000, 0x0000000093f00000|  0%| F|  |TAMS 0x0000000093e00000| PB 0x0000000093e00000| Untracked 
| 319|0x0000000093f00000, 0x0000000093f00000, 0x0000000094000000|  0%| F|  |TAMS 0x0000000093f00000| PB 0x0000000093f00000| Untracked 
| 320|0x0000000094000000, 0x0000000094000000, 0x0000000094100000|  0%| F|  |TAMS 0x0000000094000000| PB 0x0000000094000000| Untracked 
| 321|0x0000000094100000, 0x0000000094100000, 0x0000000094200000|  0%| F|  |TAMS 0x0000000094100000| PB 0x0000000094100000| Untracked 
| 322|0x0000000094200000, 0x0000000094200000, 0x0000000094300000|  0%| F|  |TAMS 0x0000000094200000| PB 0x0000000094200000| Untracked 
| 323|0x0000000094300000, 0x0000000094300000, 0x0000000094400000|  0%| F|  |TAMS 0x0000000094300000| PB 0x0000000094300000| Untracked 
| 324|0x0000000094400000, 0x0000000094400000, 0x0000000094500000|  0%| F|  |TAMS 0x0000000094400000| PB 0x0000000094400000| Untracked 
| 325|0x0000000094500000, 0x0000000094500000, 0x0000000094600000|  0%| F|  |TAMS 0x0000000094500000| PB 0x0000000094500000| Untracked 
| 326|0x0000000094600000, 0x0000000094600000, 0x0000000094700000|  0%| F|  |TAMS 0x0000000094600000| PB 0x0000000094600000| Untracked 
| 327|0x0000000094700000, 0x0000000094700000, 0x0000000094800000|  0%| F|  |TAMS 0x0000000094700000| PB 0x0000000094700000| Untracked 
| 328|0x0000000094800000, 0x0000000094800000, 0x0000000094900000|  0%| F|  |TAMS 0x0000000094800000| PB 0x0000000094800000| Untracked 
| 329|0x0000000094900000, 0x0000000094900000, 0x0000000094a00000|  0%| F|  |TAMS 0x0000000094900000| PB 0x0000000094900000| Untracked 
| 330|0x0000000094a00000, 0x0000000094a00000, 0x0000000094b00000|  0%| F|  |TAMS 0x0000000094a00000| PB 0x0000000094a00000| Untracked 
| 331|0x0000000094b00000, 0x0000000094b00000, 0x0000000094c00000|  0%| F|  |TAMS 0x0000000094b00000| PB 0x0000000094b00000| Untracked 
| 332|0x0000000094c00000, 0x0000000094c00000, 0x0000000094d00000|  0%| F|  |TAMS 0x0000000094c00000| PB 0x0000000094c00000| Untracked 
| 333|0x0000000094d00000, 0x0000000094d00000, 0x0000000094e00000|  0%| F|  |TAMS 0x0000000094d00000| PB 0x0000000094d00000| Untracked 
| 334|0x0000000094e00000, 0x0000000094e00000, 0x0000000094f00000|  0%| F|  |TAMS 0x0000000094e00000| PB 0x0000000094e00000| Untracked 
| 335|0x0000000094f00000, 0x0000000094f00000, 0x0000000095000000|  0%| F|  |TAMS 0x0000000094f00000| PB 0x0000000094f00000| Untracked 
| 336|0x0000000095000000, 0x0000000095000000, 0x0000000095100000|  0%| F|  |TAMS 0x0000000095000000| PB 0x0000000095000000| Untracked 
| 337|0x0000000095100000, 0x0000000095100000, 0x0000000095200000|  0%| F|  |TAMS 0x0000000095100000| PB 0x0000000095100000| Untracked 
| 338|0x0000000095200000, 0x0000000095200000, 0x0000000095300000|  0%| F|  |TAMS 0x0000000095200000| PB 0x0000000095200000| Untracked 
| 339|0x0000000095300000, 0x0000000095300000, 0x0000000095400000|  0%| F|  |TAMS 0x0000000095300000| PB 0x0000000095300000| Untracked 
| 340|0x0000000095400000, 0x0000000095400000, 0x0000000095500000|  0%| F|  |TAMS 0x0000000095400000| PB 0x0000000095400000| Untracked 
| 341|0x0000000095500000, 0x0000000095500000, 0x0000000095600000|  0%| F|  |TAMS 0x0000000095500000| PB 0x0000000095500000| Untracked 
| 342|0x0000000095600000, 0x0000000095600000, 0x0000000095700000|  0%| F|  |TAMS 0x0000000095600000| PB 0x0000000095600000| Untracked 
| 343|0x0000000095700000, 0x0000000095700000, 0x0000000095800000|  0%| F|  |TAMS 0x0000000095700000| PB 0x0000000095700000| Untracked 
| 344|0x0000000095800000, 0x0000000095800000, 0x0000000095900000|  0%| F|  |TAMS 0x0000000095800000| PB 0x0000000095800000| Untracked 
| 345|0x0000000095900000, 0x0000000095900000, 0x0000000095a00000|  0%| F|  |TAMS 0x0000000095900000| PB 0x0000000095900000| Untracked 
| 346|0x0000000095a00000, 0x0000000095a00000, 0x0000000095b00000|  0%| F|  |TAMS 0x0000000095a00000| PB 0x0000000095a00000| Untracked 
| 347|0x0000000095b00000, 0x0000000095b00000, 0x0000000095c00000|  0%| F|  |TAMS 0x0000000095b00000| PB 0x0000000095b00000| Untracked 
| 348|0x0000000095c00000, 0x0000000095c00000, 0x0000000095d00000|  0%| F|  |TAMS 0x0000000095c00000| PB 0x0000000095c00000| Untracked 
| 349|0x0000000095d00000, 0x0000000095d00000, 0x0000000095e00000|  0%| F|  |TAMS 0x0000000095d00000| PB 0x0000000095d00000| Untracked 
| 350|0x0000000095e00000, 0x0000000095e00000, 0x0000000095f00000|  0%| F|  |TAMS 0x0000000095e00000| PB 0x0000000095e00000| Untracked 
| 351|0x0000000095f00000, 0x0000000095f00000, 0x0000000096000000|  0%| F|  |TAMS 0x0000000095f00000| PB 0x0000000095f00000| Untracked 
| 352|0x0000000096000000, 0x0000000096000000, 0x0000000096100000|  0%| F|  |TAMS 0x0000000096000000| PB 0x0000000096000000| Untracked 
| 353|0x0000000096100000, 0x0000000096100000, 0x0000000096200000|  0%| F|  |TAMS 0x0000000096100000| PB 0x0000000096100000| Untracked 
| 354|0x0000000096200000, 0x0000000096200000, 0x0000000096300000|  0%| F|  |TAMS 0x0000000096200000| PB 0x0000000096200000| Untracked 
| 355|0x0000000096300000, 0x0000000096300000, 0x0000000096400000|  0%| F|  |TAMS 0x0000000096300000| PB 0x0000000096300000| Untracked 
| 356|0x0000000096400000, 0x0000000096400000, 0x0000000096500000|  0%| F|  |TAMS 0x0000000096400000| PB 0x0000000096400000| Untracked 
| 357|0x0000000096500000, 0x0000000096500000, 0x0000000096600000|  0%| F|  |TAMS 0x0000000096500000| PB 0x0000000096500000| Untracked 
| 358|0x0000000096600000, 0x0000000096600000, 0x0000000096700000|  0%| F|  |TAMS 0x0000000096600000| PB 0x0000000096600000| Untracked 
| 359|0x0000000096700000, 0x0000000096700000, 0x0000000096800000|  0%| F|  |TAMS 0x0000000096700000| PB 0x0000000096700000| Untracked 
| 360|0x0000000096800000, 0x0000000096800000, 0x0000000096900000|  0%| F|  |TAMS 0x0000000096800000| PB 0x0000000096800000| Untracked 
| 361|0x0000000096900000, 0x0000000096900000, 0x0000000096a00000|  0%| F|  |TAMS 0x0000000096900000| PB 0x0000000096900000| Untracked 
| 362|0x0000000096a00000, 0x0000000096a00000, 0x0000000096b00000|  0%| F|  |TAMS 0x0000000096a00000| PB 0x0000000096a00000| Untracked 
| 363|0x0000000096b00000, 0x0000000096b00000, 0x0000000096c00000|  0%| F|  |TAMS 0x0000000096b00000| PB 0x0000000096b00000| Untracked 
| 364|0x0000000096c00000, 0x0000000096c00000, 0x0000000096d00000|  0%| F|  |TAMS 0x0000000096c00000| PB 0x0000000096c00000| Untracked 
| 365|0x0000000096d00000, 0x0000000096d00000, 0x0000000096e00000|  0%| F|  |TAMS 0x0000000096d00000| PB 0x0000000096d00000| Untracked 
| 366|0x0000000096e00000, 0x0000000096e00000, 0x0000000096f00000|  0%| F|  |TAMS 0x0000000096e00000| PB 0x0000000096e00000| Untracked 
| 367|0x0000000096f00000, 0x0000000096f00000, 0x0000000097000000|  0%| F|  |TAMS 0x0000000096f00000| PB 0x0000000096f00000| Untracked 
| 368|0x0000000097000000, 0x0000000097000000, 0x0000000097100000|  0%| F|  |TAMS 0x0000000097000000| PB 0x0000000097000000| Untracked 
| 369|0x0000000097100000, 0x0000000097100000, 0x0000000097200000|  0%| F|  |TAMS 0x0000000097100000| PB 0x0000000097100000| Untracked 
| 370|0x0000000097200000, 0x0000000097200000, 0x0000000097300000|  0%| F|  |TAMS 0x0000000097200000| PB 0x0000000097200000| Untracked 
| 371|0x0000000097300000, 0x0000000097300000, 0x0000000097400000|  0%| F|  |TAMS 0x0000000097300000| PB 0x0000000097300000| Untracked 
| 372|0x0000000097400000, 0x0000000097400000, 0x0000000097500000|  0%| F|  |TAMS 0x0000000097400000| PB 0x0000000097400000| Untracked 
| 373|0x0000000097500000, 0x0000000097500000, 0x0000000097600000|  0%| F|  |TAMS 0x0000000097500000| PB 0x0000000097500000| Untracked 
| 374|0x0000000097600000, 0x0000000097600000, 0x0000000097700000|  0%| F|  |TAMS 0x0000000097600000| PB 0x0000000097600000| Untracked 
| 375|0x0000000097700000, 0x0000000097700000, 0x0000000097800000|  0%| F|  |TAMS 0x0000000097700000| PB 0x0000000097700000| Untracked 
| 376|0x0000000097800000, 0x0000000097800000, 0x0000000097900000|  0%| F|  |TAMS 0x0000000097800000| PB 0x0000000097800000| Untracked 
| 377|0x0000000097900000, 0x0000000097900000, 0x0000000097a00000|  0%| F|  |TAMS 0x0000000097900000| PB 0x0000000097900000| Untracked 
| 378|0x0000000097a00000, 0x0000000097a00000, 0x0000000097b00000|  0%| F|  |TAMS 0x0000000097a00000| PB 0x0000000097a00000| Untracked 
| 379|0x0000000097b00000, 0x0000000097b00000, 0x0000000097c00000|  0%| F|  |TAMS 0x0000000097b00000| PB 0x0000000097b00000| Untracked 
| 380|0x0000000097c00000, 0x0000000097c00000, 0x0000000097d00000|  0%| F|  |TAMS 0x0000000097c00000| PB 0x0000000097c00000| Untracked 
| 381|0x0000000097d00000, 0x0000000097d00000, 0x0000000097e00000|  0%| F|  |TAMS 0x0000000097d00000| PB 0x0000000097d00000| Untracked 
| 382|0x0000000097e00000, 0x0000000097e00000, 0x0000000097f00000|  0%| F|  |TAMS 0x0000000097e00000| PB 0x0000000097e00000| Untracked 
| 383|0x0000000097f00000, 0x0000000097f00000, 0x0000000098000000|  0%| F|  |TAMS 0x0000000097f00000| PB 0x0000000097f00000| Untracked 
| 384|0x0000000098000000, 0x0000000098000000, 0x0000000098100000|  0%| F|  |TAMS 0x0000000098000000| PB 0x0000000098000000| Untracked 
| 385|0x0000000098100000, 0x0000000098100000, 0x0000000098200000|  0%| F|  |TAMS 0x0000000098100000| PB 0x0000000098100000| Untracked 
|2037|0x00000000ff500000, 0x00000000ff500000, 0x00000000ff600000|  0%| F|  |TAMS 0x00000000ff500000| PB 0x00000000ff500000| Untracked 
|2038|0x00000000ff600000, 0x00000000ff65ab60, 0x00000000ff700000| 35%| E|  |TAMS 0x00000000ff600000| PB 0x00000000ff600000| Complete 
|2039|0x00000000ff700000, 0x00000000ff800000, 0x00000000ff800000|100%| O|  |TAMS 0x00000000ff800000| PB 0x00000000ff700000| Untracked 
|2040|0x00000000ff800000, 0x00000000ff900000, 0x00000000ff900000|100%| E|CS|TAMS 0x00000000ff800000| PB 0x00000000ff800000| Complete 
|2041|0x00000000ff900000, 0x00000000ffa00000, 0x00000000ffa00000|100%| O|  |TAMS 0x00000000ffa00000| PB 0x00000000ff900000| Untracked 
|2042|0x00000000ffa00000, 0x00000000ffb00000, 0x00000000ffb00000|100%| O|  |TAMS 0x00000000ffb00000| PB 0x00000000ffa00000| Untracked 
|2043|0x00000000ffb00000, 0x00000000ffc00000, 0x00000000ffc00000|100%| E|CS|TAMS 0x00000000ffb00000| PB 0x00000000ffb00000| Complete 
|2044|0x00000000ffc00000, 0x00000000ffd00000, 0x00000000ffd00000|100%| E|CS|TAMS 0x00000000ffc00000| PB 0x00000000ffc00000| Complete 
|2045|0x00000000ffd00000, 0x00000000ffe00000, 0x00000000ffe00000|100%| O|  |TAMS 0x00000000ffe00000| PB 0x00000000ffd00000| Untracked 
|2046|0x00000000ffe00000, 0x00000000fff00000, 0x00000000fff00000|100%| O|  |TAMS 0x00000000fff00000| PB 0x00000000ffe00000| Untracked 
|2047|0x00000000fff00000, 0x0000000100000000, 0x0000000100000000|100%| O|  |TAMS 0x0000000100000000| PB 0x00000000fff00000| Untracked 

Card table byte_map: [0x00000282dce20000,0x00000282dd220000] _byte_map_base: 0x00000282dca20000

Marking Bits: (CMBitMap*) 0x00000282ca3c66a0
 Bits: [0x00000282dd220000, 0x00000282df220000)

Polling page: 0x00000282c80f0000

Metaspace:

Usage:
  Non-class:    113.12 MB used.
      Class:     18.46 MB used.
       Both:    131.58 MB used.

Virtual space:
  Non-class space:      128.00 MB reserved,     114.50 MB ( 89%) committed,  2 nodes.
      Class space:        1.00 GB reserved,      19.81 MB (  2%) committed,  1 nodes.
             Both:        1.12 GB reserved,     134.31 MB ( 12%) committed. 

Chunk freelists:
   Non-Class:  12.97 MB
       Class:  12.19 MB
        Both:  25.16 MB

MaxMetaspaceSize: unlimited
CompressedClassSpaceSize: 1.00 GB
Initial GC threshold: 21.00 MB
Current GC threshold: 209.81 MB
CDS: off
 - commit_granule_bytes: 65536.
 - commit_granule_words: 8192.
 - virtual_space_node_default_size: 8388608.
 - enlarge_chunks_in_place: 1.
 - use_allocation_guard: 0.


Internal statistics:

num_allocs_failed_limit: 9.
num_arena_births: 5782.
num_arena_deaths: 2.
num_vsnodes_births: 3.
num_vsnodes_deaths: 0.
num_space_committed: 2149.
num_space_uncommitted: 0.
num_chunks_returned_to_freelist: 12.
num_chunks_taken_from_freelist: 12141.
num_chunk_merges: 6.
num_chunk_splits: 7655.
num_chunks_enlarged: 4523.
num_inconsistent_stats: 0.

CodeHeap 'non-profiled nmethods': size=120000Kb used=9856Kb max_used=9856Kb free=110143Kb
 bounds [0x00000282d4fa0000, 0x00000282d5950000, 0x00000282dc4d0000]
CodeHeap 'profiled nmethods': size=120000Kb used=29737Kb max_used=29737Kb free=90262Kb
 bounds [0x00000282cd4d0000, 0x00000282cf1e0000, 0x00000282d4a00000]
CodeHeap 'non-nmethods': size=5760Kb used=2057Kb max_used=2111Kb free=3702Kb
 bounds [0x00000282d4a00000, 0x00000282d4c70000, 0x00000282d4fa0000]
CodeCache: size=245760Kb, used=41650Kb, max_used=41704Kb, free=204107Kb
 total_blobs=15901, nmethods=14967, adapters=837, full_count=0
Compilation: enabled, stopped_count=0, restarted_count=0

Compilation events (20 events):
Event: 182.137 Thread 0x00000282e1fce2a0 nmethod 17892 0x00000282cf1bcc10 code [0x00000282cf1bcde0, 0x00000282cf1bcff8]
Event: 182.141 Thread 0x00000282e1fce2a0 17893       2       org.gradle.internal.configuration.inputs.NoOpInputsListener::fileSystemEntryObserved (1 bytes)
Event: 182.141 Thread 0x00000282e1fce2a0 nmethod 17893 0x00000282cf1bd190 code [0x00000282cf1bd320, 0x00000282cf1bd428]
Event: 182.160 Thread 0x00000282e1fce2a0 17895       3       java.util.concurrent.locks.AbstractQueuedSynchronizer::hasQueuedPredecessors (58 bytes)
Event: 182.160 Thread 0x00000282e1fce2a0 nmethod 17895 0x00000282cf1bd490 code [0x00000282cf1bd660, 0x00000282cf1bd920]
Event: 182.180 Thread 0x00000282e1fce2a0 17897       2       org.gradle.internal.operations.notify.BuildOperationNotificationBridge$Finished::<init> (39 bytes)
Event: 182.180 Thread 0x00000282e1fce2a0 nmethod 17897 0x00000282cf1bda10 code [0x00000282cf1bdbc0, 0x00000282cf1bde98]
Event: 182.226 Thread 0x00000282e1fce2a0 17899       2       org.gradle.internal.operations.DefaultBuildOperationQueue$WorkerRunnable::doRunBatch (44 bytes)
Event: 182.227 Thread 0x00000282e1fce2a0 nmethod 17899 0x00000282cf1bdf90 code [0x00000282cf1be180, 0x00000282cf1be4a0]
Event: 182.238 Thread 0x00000282e1fce2a0 17900       2       com.google.common.cache.LocalCache$Segment::recordRead (29 bytes)
Event: 182.238 Thread 0x00000282e1fce2a0 nmethod 17900 0x00000282cf1be810 code [0x00000282cf1be9c0, 0x00000282cf1beb78]
Event: 182.258 Thread 0x00000282e1fce2a0 17902       2       org.gradle.internal.work.ResourceLockStatistics$1::measure (7 bytes)
Event: 182.258 Thread 0x00000282e1fce2a0 nmethod 17902 0x00000282cf1bec90 code [0x00000282cf1bee40, 0x00000282cf1bef78]
Event: 182.262 Thread 0x00000282e1fce2a0 17903       2       org.gradle.internal.resources.DefaultLease::<init> (14 bytes)
Event: 182.262 Thread 0x00000282e1fce2a0 nmethod 17903 0x00000282cf1bf010 code [0x00000282cf1bf1c0, 0x00000282cf1bf430]
Event: 182.289 Thread 0x00000282e1fce2a0 17905       2       org.gradle.internal.work.DefaultWorkerLeaseService::runAsWorkerThread (37 bytes)
Event: 182.290 Thread 0x00000282e1fce2a0 nmethod 17905 0x00000282cf1bf510 code [0x00000282cf1bf740, 0x00000282cf1bfb38]
Event: 182.290 Thread 0x00000282e1fce2a0 17906       2       org.gradle.internal.work.DefaultWorkerLeaseService::releaseLocks (15 bytes)
Event: 182.371 Thread 0x00000282e1fce2a0 nmethod 17906 0x00000282cf1bfe10 code [0x00000282cf1bffc0, 0x00000282cf1c01d0]
Event: 182.371 Thread 0x00000282e1fce2a0 17909       2       org.gradle.api.internal.tasks.execution.TaskExecution$5$$Lambda/0x00000001011ed088::accept (16 bytes)

GC Heap History (20 events):
Event: 15.698 GC heap before
{Heap before GC invocations=44 (full 0):
 garbage-first heap   total 212992K, used 198049K [0x0000000080000000, 0x0000000100000000)
  region size 1024K, 75 young (76800K), 2 survivors (2048K)
 Metaspace       used 125908K, committed 128512K, reserved 1179648K
  class space    used 17716K, committed 19008K, reserved 1048576K
}
Event: 15.702 GC heap after
{Heap after GC invocations=45 (full 0):
 garbage-first heap   total 269312K, used 125916K [0x0000000080000000, 0x0000000100000000)
  region size 1024K, 4 young (4096K), 4 survivors (4096K)
 Metaspace       used 125908K, committed 128512K, reserved 1179648K
  class space    used 17716K, committed 19008K, reserved 1048576K
}
Event: 15.823 GC heap before
{Heap before GC invocations=45 (full 0):
 garbage-first heap   total 269312K, used 229340K [0x0000000080000000, 0x0000000100000000)
  region size 1024K, 106 young (108544K), 4 survivors (4096K)
 Metaspace       used 125963K, committed 128576K, reserved 1179648K
  class space    used 17715K, committed 19008K, reserved 1048576K
}
Event: 15.827 GC heap after
{Heap after GC invocations=46 (full 0):
 garbage-first heap   total 269312K, used 127302K [0x0000000080000000, 0x0000000100000000)
  region size 1024K, 5 young (5120K), 5 survivors (5120K)
 Metaspace       used 125963K, committed 128576K, reserved 1179648K
  class space    used 17715K, committed 19008K, reserved 1048576K
}
Event: 15.906 GC heap before
{Heap before GC invocations=47 (full 0):
 garbage-first heap   total 269312K, used 253254K [0x0000000080000000, 0x0000000100000000)
  region size 1024K, 129 young (132096K), 5 survivors (5120K)
 Metaspace       used 125995K, committed 128576K, reserved 1179648K
  class space    used 17716K, committed 19008K, reserved 1048576K
}
Event: 15.909 GC heap after
{Heap after GC invocations=48 (full 0):
 garbage-first heap   total 269312K, used 127939K [0x0000000080000000, 0x0000000100000000)
  region size 1024K, 6 young (6144K), 6 survivors (6144K)
 Metaspace       used 125995K, committed 128576K, reserved 1179648K
  class space    used 17716K, committed 19008K, reserved 1048576K
}
Event: 15.995 GC heap before
{Heap before GC invocations=48 (full 0):
 garbage-first heap   total 269312K, used 252867K [0x0000000080000000, 0x0000000100000000)
  region size 1024K, 129 young (132096K), 6 survivors (6144K)
 Metaspace       used 126024K, committed 128640K, reserved 1179648K
  class space    used 17717K, committed 19008K, reserved 1048576K
}
Event: 16.000 GC heap after
{Heap after GC invocations=49 (full 0):
 garbage-first heap   total 269312K, used 125500K [0x0000000080000000, 0x0000000100000000)
  region size 1024K, 4 young (4096K), 4 survivors (4096K)
 Metaspace       used 126024K, committed 128640K, reserved 1179648K
  class space    used 17717K, committed 19008K, reserved 1048576K
}
Event: 16.085 GC heap before
{Heap before GC invocations=49 (full 0):
 garbage-first heap   total 269312K, used 253500K [0x0000000080000000, 0x0000000100000000)
  region size 1024K, 130 young (133120K), 4 survivors (4096K)
 Metaspace       used 126053K, committed 128640K, reserved 1179648K
  class space    used 17718K, committed 19008K, reserved 1048576K
}
Event: 16.089 GC heap after
{Heap after GC invocations=50 (full 0):
 garbage-first heap   total 406528K, used 126109K [0x0000000080000000, 0x0000000100000000)
  region size 1024K, 5 young (5120K), 5 survivors (5120K)
 Metaspace       used 126053K, committed 128640K, reserved 1179648K
  class space    used 17718K, committed 19008K, reserved 1048576K
}
Event: 16.310 GC heap before
{Heap before GC invocations=51 (full 0):
 garbage-first heap   total 406528K, used 363677K [0x0000000080000000, 0x0000000100000000)
  region size 1024K, 238 young (243712K), 5 survivors (5120K)
 Metaspace       used 126134K, committed 128768K, reserved 1179648K
  class space    used 17719K, committed 19008K, reserved 1048576K
}
Event: 16.315 GC heap after
{Heap after GC invocations=52 (full 0):
 garbage-first heap   total 406528K, used 128912K [0x0000000080000000, 0x0000000100000000)
  region size 1024K, 8 young (8192K), 8 survivors (8192K)
 Metaspace       used 126134K, committed 128768K, reserved 1179648K
  class space    used 17719K, committed 19008K, reserved 1048576K
}
Event: 16.451 GC heap before
{Heap before GC invocations=52 (full 0):
 garbage-first heap   total 406528K, used 363408K [0x0000000080000000, 0x0000000100000000)
  region size 1024K, 238 young (243712K), 8 survivors (8192K)
 Metaspace       used 126186K, committed 128768K, reserved 1179648K
  class space    used 17721K, committed 19008K, reserved 1048576K
}
Event: 16.456 GC heap after
{Heap after GC invocations=53 (full 0):
 garbage-first heap   total 406528K, used 130258K [0x0000000080000000, 0x0000000100000000)
  region size 1024K, 9 young (9216K), 9 survivors (9216K)
 Metaspace       used 126186K, committed 128768K, reserved 1179648K
  class space    used 17721K, committed 19008K, reserved 1048576K
}
Event: 16.587 GC heap before
{Heap before GC invocations=53 (full 0):
 garbage-first heap   total 406528K, used 331986K [0x0000000080000000, 0x0000000100000000)
  region size 1024K, 208 young (212992K), 9 survivors (9216K)
 Metaspace       used 126237K, committed 128896K, reserved 1179648K
  class space    used 17721K, committed 19008K, reserved 1048576K
}
Event: 16.592 GC heap after
{Heap after GC invocations=54 (full 0):
 garbage-first heap   total 406528K, used 131728K [0x0000000080000000, 0x0000000100000000)
  region size 1024K, 10 young (10240K), 10 survivors (10240K)
 Metaspace       used 126237K, committed 128896K, reserved 1179648K
  class space    used 17721K, committed 19008K, reserved 1048576K
}
Event: 16.782 GC heap before
{Heap before GC invocations=55 (full 0):
 garbage-first heap   total 406528K, used 366224K [0x0000000080000000, 0x0000000100000000)
  region size 1024K, 238 young (243712K), 10 survivors (10240K)
 Metaspace       used 126240K, committed 128896K, reserved 1179648K
  class space    used 17721K, committed 19008K, reserved 1048576K
}
Event: 16.786 GC heap after
{Heap after GC invocations=56 (full 0):
 garbage-first heap   total 406528K, used 129664K [0x0000000080000000, 0x0000000100000000)
  region size 1024K, 8 young (8192K), 8 survivors (8192K)
 Metaspace       used 126240K, committed 128896K, reserved 1179648K
  class space    used 17721K, committed 19008K, reserved 1048576K
}
Event: 32.497 GC heap before
{Heap before GC invocations=56 (full 0):
 garbage-first heap   total 406528K, used 365184K [0x0000000080000000, 0x0000000100000000)
  region size 1024K, 238 young (243712K), 8 survivors (8192K)
 Metaspace       used 132222K, committed 134976K, reserved 1179648K
  class space    used 18597K, committed 19968K, reserved 1048576K
}
Event: 32.504 GC heap after
{Heap after GC invocations=57 (full 0):
 garbage-first heap   total 406528K, used 131045K [0x0000000080000000, 0x0000000100000000)
  region size 1024K, 12 young (12288K), 12 survivors (12288K)
 Metaspace       used 132222K, committed 134976K, reserved 1179648K
  class space    used 18597K, committed 19968K, reserved 1048576K
}

Dll operation events (3 events):
Event: 0.011 Loaded shared library C:\Program Files\Android\Android Studio\jbr\bin\java.dll
Event: 0.016 Loaded shared library C:\Program Files\Android\Android Studio\jbr\bin\zip.dll
Event: 0.644 Loaded shared library C:\Program Files\Android\Android Studio\jbr\bin\verify.dll

Deoptimization events (20 events):
Event: 181.861 Thread 0x00000282ed7f8e30 DEOPT PACKING pc=0x00000282d55b0f28 sp=0x000000fd2a1fb370
Event: 181.861 Thread 0x00000282ed7f8e30 DEOPT UNPACKING pc=0x00000282d4a543a2 sp=0x000000fd2a1fb318 mode 2
Event: 182.001 Thread 0x00000282e7aa24c0 DEOPT PACKING pc=0x00000282cef640c1 sp=0x000000fd291fe840
Event: 182.001 Thread 0x00000282e7aa24c0 DEOPT UNPACKING pc=0x00000282d4a54b42 sp=0x000000fd291fdce0 mode 0
Event: 182.115 Thread 0x00000282e7aa24c0 DEOPT PACKING pc=0x00000282cef640c1 sp=0x000000fd291fe840
Event: 182.115 Thread 0x00000282e7aa24c0 DEOPT UNPACKING pc=0x00000282d4a54b42 sp=0x000000fd291fdce0 mode 0
Event: 182.159 Thread 0x00000282ec674380 Uncommon trap: trap_request=0xffffff45 fr.pc=0x00000282d5703a74 relative=0x00000000000000d4
Event: 182.159 Thread 0x00000282ec674380 Uncommon trap: reason=unstable_if action=reinterpret pc=0x00000282d5703a74 method=java.util.concurrent.locks.AbstractQueuedSynchronizer.hasQueuedPredecessors()Z @ 33 c2
Event: 182.159 Thread 0x00000282ec674380 DEOPT PACKING pc=0x00000282d5703a74 sp=0x000000fd2b4fba60
Event: 182.159 Thread 0x00000282ec674380 DEOPT UNPACKING pc=0x00000282d4a543a2 sp=0x000000fd2b4fb9e0 mode 2
Event: 182.185 Thread 0x00000282e7aa24c0 DEOPT PACKING pc=0x00000282cef640c1 sp=0x000000fd291fe840
Event: 182.185 Thread 0x00000282e7aa24c0 DEOPT UNPACKING pc=0x00000282d4a54b42 sp=0x000000fd291fdce0 mode 0
Event: 182.221 Thread 0x00000282e7aa24c0 DEOPT PACKING pc=0x00000282cef640c1 sp=0x000000fd291fe840
Event: 182.221 Thread 0x00000282e7aa24c0 DEOPT UNPACKING pc=0x00000282d4a54b42 sp=0x000000fd291fdce0 mode 0
Event: 182.255 Thread 0x00000282e7aa24c0 DEOPT PACKING pc=0x00000282cef640c1 sp=0x000000fd291fe840
Event: 182.255 Thread 0x00000282e7aa24c0 DEOPT UNPACKING pc=0x00000282d4a54b42 sp=0x000000fd291fdce0 mode 0
Event: 182.295 Thread 0x00000282e7aa24c0 DEOPT PACKING pc=0x00000282cef640c1 sp=0x000000fd291fe840
Event: 182.295 Thread 0x00000282e7aa24c0 DEOPT UNPACKING pc=0x00000282d4a54b42 sp=0x000000fd291fdce0 mode 0
Event: 182.334 Thread 0x00000282e7aa24c0 DEOPT PACKING pc=0x00000282cef640c1 sp=0x000000fd291fe840
Event: 182.334 Thread 0x00000282e7aa24c0 DEOPT UNPACKING pc=0x00000282d4a54b42 sp=0x000000fd291fdce0 mode 0

Classes loaded (20 events):
Event: 21.948 Loading class java/util/concurrent/CompletableFuture$AsyncRun
Event: 21.948 Loading class java/util/concurrent/CompletableFuture$AsyncRun done
Event: 21.949 Loading class java/util/concurrent/ForkJoinTask$Aux
Event: 21.949 Loading class java/util/concurrent/ForkJoinTask$Aux done
Event: 32.504 Loading class java/lang/StackStreamFactory
Event: 32.505 Loading class java/lang/StackStreamFactory done
Event: 32.505 Loading class java/lang/StackWalker$ExtendedOption
Event: 32.505 Loading class java/lang/StackWalker$ExtendedOption done
Event: 32.505 Loading class java/lang/StackStreamFactory$StackFrameTraverser
Event: 32.505 Loading class java/lang/StackStreamFactory$StackFrameTraverser done
Event: 32.505 Loading class java/lang/StackStreamFactory$WalkerState
Event: 32.505 Loading class java/lang/StackStreamFactory$WalkerState done
Event: 32.505 Loading class java/lang/StackStreamFactory$StackFrameTraverser$StackFrameBuffer
Event: 32.505 Loading class java/lang/StackStreamFactory$FrameBuffer
Event: 32.505 Loading class java/lang/StackStreamFactory$FrameBuffer done
Event: 32.505 Loading class java/lang/StackStreamFactory$StackFrameTraverser$StackFrameBuffer done
Event: 32.506 Loading class sun/rmi/transport/DGCClient$EndpointEntry$CleanRequest
Event: 32.506 Loading class sun/rmi/transport/DGCClient$EndpointEntry$CleanRequest done
Event: 181.213 Loading class jdk/internal/math/FormattedFPDecimal
Event: 181.213 Loading class jdk/internal/math/FormattedFPDecimal done

Classes unloaded (1 events):
Event: 15.787 Thread 0x00000282e1e88d60 Unloading class 0x000000010125c400 'java/lang/invoke/LambdaForm$DMH+0x000000010125c400'

Classes redefined (0 events):
No events

Internal exceptions (20 events):
Event: 182.340 Thread 0x00000282ec674380 Exception <a 'sun/nio/fs/WindowsException'{0x000000008b33f960}> (0x000000008b33f960) 
thrown [s\src\hotspot\share\prims\jni.cpp, line 537]
Event: 182.341 Thread 0x00000282ed7fc2b0 Exception <a 'sun/nio/fs/WindowsException'{0x000000008b3fa940}> (0x000000008b3fa940) 
thrown [s\src\hotspot\share\prims\jni.cpp, line 537]
Event: 182.341 Thread 0x00000282ec6750a0 Exception <a 'sun/nio/fs/WindowsException'{0x000000008b21b510}> (0x000000008b21b510) 
thrown [s\src\hotspot\share\prims\jni.cpp, line 537]
Event: 182.341 Thread 0x00000282ec677e90 Exception <a 'sun/nio/fs/WindowsException'{0x000000008b24b018}> (0x000000008b24b018) 
thrown [s\src\hotspot\share\prims\jni.cpp, line 537]
Event: 182.342 Thread 0x00000282ec677170 Exception <a 'sun/nio/fs/WindowsException'{0x000000008b3cac30}> (0x000000008b3cac30) 
thrown [s\src\hotspot\share\prims\jni.cpp, line 537]
Event: 182.342 Thread 0x00000282ec674380 Exception <a 'sun/nio/fs/WindowsException'{0x000000008b102488}> (0x000000008b102488) 
thrown [s\src\hotspot\share\prims\jni.cpp, line 537]
Event: 182.342 Thread 0x00000282ed7fc2b0 Exception <a 'sun/nio/fs/WindowsException'{0x000000008b2c7ab8}> (0x000000008b2c7ab8) 
thrown [s\src\hotspot\share\prims\jni.cpp, line 537]
Event: 182.343 Thread 0x00000282ec6750a0 Exception <a 'sun/nio/fs/WindowsException'{0x000000008b231060}> (0x000000008b231060) 
thrown [s\src\hotspot\share\prims\jni.cpp, line 537]
Event: 182.343 Thread 0x00000282ec677e90 Exception <a 'sun/nio/fs/WindowsException'{0x000000008b260bf8}> (0x000000008b260bf8) 
thrown [s\src\hotspot\share\prims\jni.cpp, line 537]
Event: 182.344 Thread 0x00000282ec674380 Exception <a 'sun/nio/fs/WindowsException'{0x000000008b118548}> (0x000000008b118548) 
thrown [s\src\hotspot\share\prims\jni.cpp, line 537]
Event: 182.344 Thread 0x00000282ed7fc2b0 Exception <a 'sun/nio/fs/WindowsException'{0x000000008b2de590}> (0x000000008b2de590) 
thrown [s\src\hotspot\share\prims\jni.cpp, line 537]
Event: 182.344 Thread 0x00000282ec677e90 Exception <a 'sun/nio/fs/WindowsException'{0x000000008b2767e0}> (0x000000008b2767e0) 
thrown [s\src\hotspot\share\prims\jni.cpp, line 537]
Event: 182.344 Thread 0x00000282ec677170 Exception <a 'sun/nio/fs/WindowsException'{0x000000008b3e1540}> (0x000000008b3e1540) 
thrown [s\src\hotspot\share\prims\jni.cpp, line 537]
Event: 182.345 Thread 0x00000282ec6750a0 Exception <a 'sun/nio/fs/WindowsException'{0x000000008b16c7f8}> (0x000000008b16c7f8) 
thrown [s\src\hotspot\share\prims\jni.cpp, line 537]
Event: 182.346 Thread 0x00000282ed7fc2b0 Exception <a 'sun/nio/fs/WindowsException'{0x000000008b043ef0}> (0x000000008b043ef0) 
thrown [s\src\hotspot\share\prims\jni.cpp, line 537]
Event: 182.346 Thread 0x00000282ec674380 Exception <a 'sun/nio/fs/WindowsException'{0x000000008b12e0e0}> (0x000000008b12e0e0) 
thrown [s\src\hotspot\share\prims\jni.cpp, line 537]
Event: 182.346 Thread 0x00000282ec677170 Exception <a 'sun/nio/fs/WindowsException'{0x000000008b0162a8}> (0x000000008b0162a8) 
thrown [s\src\hotspot\share\prims\jni.cpp, line 537]
Event: 182.346 Thread 0x00000282ec6750a0 Exception <a 'sun/nio/fs/WindowsException'{0x000000008b1827e0}> (0x000000008b1827e0) 
thrown [s\src\hotspot\share\prims\jni.cpp, line 537]
Event: 182.346 Thread 0x00000282ec677e90 Exception <a 'sun/nio/fs/WindowsException'{0x000000008b1e59e0}> (0x000000008b1e59e0) 
thrown [s\src\hotspot\share\prims\jni.cpp, line 537]
Event: 182.348 Thread 0x00000282ed7fc2b0 Exception <a 'sun/nio/fs/WindowsException'{0x000000008b05aa18}> (0x000000008b05aa18) 
thrown [s\src\hotspot\share\prims\jni.cpp, line 537]

ZGC Phase Switch (0 events):
No events

VM Operations (20 events):
Event: 112.556 Executing safepoint VM operation: Cleanup
Event: 112.556 Executing safepoint VM operation: Cleanup done
Event: 133.676 Executing safepoint VM operation: Cleanup
Event: 133.676 Executing safepoint VM operation: Cleanup done
Event: 155.554 Executing non-safepoint VM operation: HandshakeAllThreads (Deoptimize)
Event: 155.554 Executing non-safepoint VM operation: HandshakeAllThreads (Deoptimize) done
Event: 156.563 Executing safepoint VM operation: Cleanup
Event: 156.563 Executing safepoint VM operation: Cleanup done
Event: 157.565 Executing safepoint VM operation: Cleanup
Event: 157.565 Executing safepoint VM operation: Cleanup done
Event: 170.630 Executing safepoint VM operation: Cleanup
Event: 170.630 Executing safepoint VM operation: Cleanup done
Event: 181.399 Executing safepoint VM operation: ICBufferFull
Event: 181.399 Executing safepoint VM operation: ICBufferFull done
Event: 181.829 Executing safepoint VM operation: ICBufferFull
Event: 181.829 Executing safepoint VM operation: ICBufferFull done
Event: 181.967 Executing safepoint VM operation: ICBufferFull
Event: 181.968 Executing safepoint VM operation: ICBufferFull done
Event: 181.970 Executing safepoint VM operation: ICBufferFull
Event: 181.970 Executing safepoint VM operation: ICBufferFull done

Memory protections (0 events):
No events

Nmethod flushes (20 events):
Event: 16.683 Thread 0x00000282e1e88d60 flushing  nmethod 0x00000282cecb2990
Event: 16.683 Thread 0x00000282e1e88d60 flushing  nmethod 0x00000282cecb3410
Event: 16.683 Thread 0x00000282e1e88d60 flushing  nmethod 0x00000282cecb3b10
Event: 16.683 Thread 0x00000282e1e88d60 flushing  nmethod 0x00000282d53d5690
Event: 16.683 Thread 0x00000282e1e88d60 flushing  nmethod 0x00000282d55eae90
Event: 16.683 Thread 0x00000282e1e88d60 flushing  nmethod 0x00000282ce4b0390
Event: 16.683 Thread 0x00000282e1e88d60 flushing  nmethod 0x00000282cebce710
Event: 16.683 Thread 0x00000282e1e88d60 flushing  nmethod 0x00000282cebd1c90
Event: 16.683 Thread 0x00000282e1e88d60 flushing  nmethod 0x00000282cebf3a90
Event: 16.683 Thread 0x00000282e1e88d60 flushing  nmethod 0x00000282cebf4590
Event: 16.683 Thread 0x00000282e1e88d60 flushing  nmethod 0x00000282cebf4d10
Event: 16.683 Thread 0x00000282e1e88d60 flushing  nmethod 0x00000282cebf5310
Event: 16.683 Thread 0x00000282e1e88d60 flushing  nmethod 0x00000282cebf5f90
Event: 16.683 Thread 0x00000282e1e88d60 flushing  nmethod 0x00000282cebf6490
Event: 16.683 Thread 0x00000282e1e88d60 flushing  nmethod 0x00000282cebf6810
Event: 16.683 Thread 0x00000282e1e88d60 flushing  nmethod 0x00000282cebf6b90
Event: 16.683 Thread 0x00000282e1e88d60 flushing  nmethod 0x00000282cebf8610
Event: 16.683 Thread 0x00000282e1e88d60 flushing  nmethod 0x00000282cebf9190
Event: 16.683 Thread 0x00000282e1e88d60 flushing  nmethod 0x00000282cebf9e90
Event: 16.683 Thread 0x00000282e1e88d60 flushing  nmethod 0x00000282cec00690

Events (20 events):
Event: 181.827 Thread 0x00000282ed7fc2b0 Thread added: 0x00000282ed7f9b50
Event: 181.827 Thread 0x00000282ed7fc2b0 Thread added: 0x00000282ed7fea10
Event: 181.827 Thread 0x00000282ed7fc2b0 Thread added: 0x00000282ed7ff730
Event: 181.827 Thread 0x00000282ed7fc2b0 Thread added: 0x00000282ed7ffdc0
Event: 181.827 Thread 0x00000282ed7fc2b0 Thread added: 0x00000282ed7fd660
Event: 181.827 Thread 0x00000282ed7fc2b0 Thread added: 0x00000282ed7fe380
Event: 181.828 Thread 0x00000282ed7fc2b0 Thread added: 0x00000282ec6722b0
Event: 181.828 Thread 0x00000282ed7fc2b0 Thread added: 0x00000282ec676ae0
Event: 181.830 Thread 0x00000282ed7f8e30 Thread added: 0x00000282ec673660
Event: 181.857 Thread 0x00000282ec676ae0 Thread added: 0x00000282ec6750a0
Event: 181.857 Thread 0x00000282ec676ae0 Thread added: 0x00000282ec674380
Event: 181.857 Thread 0x00000282ec676ae0 Thread added: 0x00000282ec677170
Event: 181.857 Thread 0x00000282ec676ae0 Thread added: 0x00000282ec675730
Event: 181.858 Thread 0x00000282ec676ae0 Thread added: 0x00000282ec674a10
Event: 181.858 Thread 0x00000282ec676ae0 Thread added: 0x00000282ec673cf0
Event: 181.858 Thread 0x00000282ec676ae0 Thread added: 0x00000282ec677800
Event: 181.858 Thread 0x00000282ec676ae0 Thread added: 0x00000282ec677e90
Event: 181.858 Thread 0x00000282ec676ae0 Thread added: 0x00000282ec678520
Event: 181.859 Thread 0x00000282ec676ae0 Thread added: 0x00000282ee3339d0
Event: 181.859 Thread 0x00000282ec676ae0 Thread added: 0x00000282ee330550


Dynamic libraries:
0x00007ff7b0ed0000 - 0x00007ff7b0eda000 	C:\Program Files\Android\Android Studio\jbr\bin\java.exe
0x00007ff93c600000 - 0x00007ff93c866000 	C:\WINDOWS\SYSTEM32\ntdll.dll
0x00007ff93ac70000 - 0x00007ff93ad39000 	C:\WINDOWS\System32\KERNEL32.DLL
0x00007ff939950000 - 0x00007ff939d4e000 	C:\WINDOWS\System32\KERNELBASE.dll
0x00007ff93a020000 - 0x00007ff93a16c000 	C:\WINDOWS\System32\ucrtbase.dll
0x00007ff91c850000 - 0x00007ff91c86b000 	C:\Program Files\Android\Android Studio\jbr\bin\VCRUNTIME140.dll
0x00007ff92df40000 - 0x00007ff92df58000 	C:\Program Files\Android\Android Studio\jbr\bin\jli.dll
0x00007ff93a340000 - 0x00007ff93a507000 	C:\WINDOWS\System32\USER32.dll
0x00007ff93a300000 - 0x00007ff93a327000 	C:\WINDOWS\System32\win32u.dll
0x00007ff9250d0000 - 0x00007ff925362000 	C:\WINDOWS\WinSxS\amd64_microsoft.windows.common-controls_6595b64144ccf1df_6.0.26100.8875_none_3e0d5d42e32fe9dd\COMCTL32.dll
0x00007ff93bdf0000 - 0x00007ff93be1b000 	C:\WINDOWS\System32\GDI32.dll
0x00007ff93b420000 - 0x00007ff93b4c9000 	C:\WINDOWS\System32\msvcrt.dll
0x00007ff939820000 - 0x00007ff93994a000 	C:\WINDOWS\System32\gdi32full.dll
0x00007ff939f70000 - 0x00007ff93a013000 	C:\WINDOWS\System32\msvcp_win.dll
0x00007ff93a5f0000 - 0x00007ff93a622000 	C:\WINDOWS\System32\IMM32.DLL
0x00007ff918bc0000 - 0x00007ff918bcc000 	C:\Program Files\Android\Android Studio\jbr\bin\vcruntime140_1.dll
0x00007ff8a0670000 - 0x00007ff8a06fd000 	C:\Program Files\Android\Android Studio\jbr\bin\msvcp140.dll
0x00007ff87fe90000 - 0x00007ff880b26000 	C:\Program Files\Android\Android Studio\jbr\bin\server\jvm.dll
0x00007ff93bc90000 - 0x00007ff93bd47000 	C:\WINDOWS\System32\ADVAPI32.dll
0x00007ff93b970000 - 0x00007ff93ba1a000 	C:\WINDOWS\System32\sechost.dll
0x00007ff93b300000 - 0x00007ff93b418000 	C:\WINDOWS\System32\RPCRT4.dll
0x00007ff93ade0000 - 0x00007ff93ae60000 	C:\WINDOWS\System32\WS2_32.dll
0x00007ff939680000 - 0x00007ff9396de000 	C:\WINDOWS\SYSTEM32\POWRPROF.dll
0x00007ff932550000 - 0x00007ff93255b000 	C:\WINDOWS\SYSTEM32\VERSION.dll
0x00007ff931f50000 - 0x00007ff931f86000 	C:\WINDOWS\SYSTEM32\WINMM.dll
0x00007ff939660000 - 0x00007ff939674000 	C:\WINDOWS\SYSTEM32\UMPDC.dll
0x00007ff9384c0000 - 0x00007ff9384db000 	C:\WINDOWS\SYSTEM32\kernel.appcore.dll
0x00007ff918bb0000 - 0x00007ff918bba000 	C:\Program Files\Android\Android Studio\jbr\bin\jimage.dll
0x00007ff92cd90000 - 0x00007ff92cfd2000 	C:\WINDOWS\SYSTEM32\DBGHELP.DLL
0x00007ff93a8c0000 - 0x00007ff93ac43000 	C:\WINDOWS\System32\combase.dll
0x00007ff93a510000 - 0x00007ff93a5e9000 	C:\WINDOWS\System32\OLEAUT32.dll
0x00007ff91b240000 - 0x00007ff91b27b000 	C:\WINDOWS\SYSTEM32\dbgcore.DLL
0x00007ff939df0000 - 0x00007ff939e9c000 	C:\WINDOWS\System32\bcryptPrimitives.dll
0x00007ff9344c0000 - 0x00007ff9344ce000 	C:\Program Files\Android\Android Studio\jbr\bin\instrument.dll
0x00007ff9060e0000 - 0x00007ff906100000 	C:\Program Files\Android\Android Studio\jbr\bin\java.dll
0x00007ff9060c0000 - 0x00007ff9060d8000 	C:\Program Files\Android\Android Studio\jbr\bin\zip.dll
0x00007ff93be20000 - 0x00007ff93c5b2000 	C:\WINDOWS\System32\SHELL32.dll
0x00007ff9372a0000 - 0x00007ff937b32000 	C:\WINDOWS\SYSTEM32\windows.storage.dll
0x00007ff93bad0000 - 0x00007ff93bbc7000 	C:\WINDOWS\System32\SHCORE.dll
0x00007ff93ba60000 - 0x00007ff93bac7000 	C:\WINDOWS\System32\shlwapi.dll
0x00007ff939740000 - 0x00007ff939769000 	C:\WINDOWS\SYSTEM32\profapi.dll
0x00007ff918ba0000 - 0x00007ff918bb0000 	C:\Program Files\Android\Android Studio\jbr\bin\net.dll
0x00007ff931e20000 - 0x00007ff931f47000 	C:\WINDOWS\SYSTEM32\WINHTTP.dll
0x00007ff938a50000 - 0x00007ff938abc000 	C:\WINDOWS\system32\mswsock.dll
0x00007ff906010000 - 0x00007ff906026000 	C:\Program Files\Android\Android Studio\jbr\bin\nio.dll
0x00007ff905b60000 - 0x00007ff905b70000 	C:\Program Files\Android\Android Studio\jbr\bin\verify.dll
0x00007ff909270000 - 0x00007ff909297000 	C:\Users\Admin\.gradle\native\660c5614fbf4a5f2a75b1949f50a0caf5cd603558e7d8a26e50b933a0cfb79d1\windows-amd64\native-platform.dll
0x00007ff9066f0000 - 0x00007ff906767000 	C:\Users\Admin\.gradle\native\0.2.8\x86_64-windows-gnu\gradle-fileevents.dll
0x00007ff908270000 - 0x00007ff908279000 	C:\Program Files\Android\Android Studio\jbr\bin\management.dll
0x00007ff906090000 - 0x00007ff90609b000 	C:\Program Files\Android\Android Studio\jbr\bin\management_ext.dll
0x00007ff93bde0000 - 0x00007ff93bde8000 	C:\WINDOWS\System32\PSAPI.DLL
0x00007ff937e70000 - 0x00007ff937ea3000 	C:\WINDOWS\SYSTEM32\IPHLPAPI.DLL
0x00007ff93ba20000 - 0x00007ff93ba2a000 	C:\WINDOWS\System32\NSI.dll
0x00007ff9088b0000 - 0x00007ff9088b9000 	C:\Program Files\Android\Android Studio\jbr\bin\extnet.dll
0x00007ff938e80000 - 0x00007ff938e9b000 	C:\WINDOWS\SYSTEM32\CRYPTSP.dll
0x00007ff938420000 - 0x00007ff938459000 	C:\WINDOWS\system32\rsaenh.dll
0x00007ff938b10000 - 0x00007ff938b42000 	C:\WINDOWS\SYSTEM32\USERENV.dll
0x00007ff939710000 - 0x00007ff93973a000 	C:\WINDOWS\SYSTEM32\bcrypt.dll
0x00007ff938e50000 - 0x00007ff938e5c000 	C:\WINDOWS\SYSTEM32\CRYPTBASE.dll
0x00007ff908ef0000 - 0x00007ff908ef8000 	C:\WINDOWS\system32\wshunix.dll
0x00007ff91b650000 - 0x00007ff91b668000 	C:\WINDOWS\system32\napinsp.dll
0x00007ff937f60000 - 0x00007ff9380b6000 	C:\WINDOWS\SYSTEM32\DNSAPI.dll
0x00007ff938850000 - 0x00007ff93885d000 	C:\WINDOWS\SYSTEM32\DSPARSE.dll
0x00007ff8bbc30000 - 0x00007ff8bbc43000 	C:\WINDOWS\System32\winrnr.dll
0x00007ff8e0d30000 - 0x00007ff8e0d52000 	C:\WINDOWS\system32\nlansp_c.dll
0x00007ff92f600000 - 0x00007ff92f616000 	C:\WINDOWS\system32\wshbth.dll
0x00007ff932520000 - 0x00007ff93252b000 	C:\Windows\System32\rasadhlp.dll
0x00007ff92f460000 - 0x00007ff92f4e6000 	C:\WINDOWS\System32\fwpuclnt.dll
0x00007ff9232c0000 - 0x00007ff9232c7000 	C:\Program Files\Android\Android Studio\jbr\bin\rmi.dll

JVMTI agents:
C:\Users\Admin\.gradle\wrapper\dists\gradle-9.4.1-bin\arn2x92ynaizyzdaamcbpbhtj\gradle-9.4.1\lib\agents\gradle-instrumentation-agent-9.4.1.jar path:C:\Program Files\Android\Android Studio\jbr\bin\instrument.dll, loaded, initialized, instrumentlib options:none

dbghelp: loaded successfully - version: 4.0.5 - missing functions: none
symbol engine: initialized successfully - sym options: 0x614 - pdb path: .;C:\Program Files\Android\Android Studio\jbr\bin;C:\WINDOWS\SYSTEM32;C:\WINDOWS\WinSxS\amd64_microsoft.windows.common-controls_6595b64144ccf1df_6.0.26100.8875_none_3e0d5d42e32fe9dd;C:\Program Files\Android\Android Studio\jbr\bin\server;C:\Users\Admin\.gradle\native\660c5614fbf4a5f2a75b1949f50a0caf5cd603558e7d8a26e50b933a0cfb79d1\windows-amd64;C:\Users\Admin\.gradle\native\0.2.8\x86_64-windows-gnu

VM Arguments:
jvm_args: --add-opens=java.base/java.lang=ALL-UNNAMED --add-opens=java.base/java.lang.invoke=ALL-UNNAMED --add-opens=java.base/java.util=ALL-UNNAMED --add-opens=java.prefs/java.util.prefs=ALL-UNNAMED --add-exports=jdk.compiler/com.sun.tools.javac.api=ALL-UNNAMED --add-exports=jdk.compiler/com.sun.tools.javac.util=ALL-UNNAMED --add-opens=java.base/java.util=ALL-UNNAMED --add-opens=java.prefs/java.util.prefs=ALL-UNNAMED --add-opens=java.base/java.nio.charset=ALL-UNNAMED --add-opens=java.base/java.net=ALL-UNNAMED --add-opens=java.base/java.util.concurrent=ALL-UNNAMED --add-opens=java.base/java.util.concurrent.atomic=ALL-UNNAMED --add-opens=java.xml/javax.xml.namespace=ALL-UNNAMED --add-opens=java.base/java.time=ALL-UNNAMED -Xmx2048m -Dfile.encoding=UTF-8 -Duser.country=BR -Duser.language=pt -Duser.variant -javaagent:C:\Users\Admin\.gradle\wrapper\dists\gradle-9.4.1-bin\arn2x92ynaizyzdaamcbpbhtj\gradle-9.4.1\lib\agents\gradle-instrumentation-agent-9.4.1.jar 
java_command: org.gradle.launcher.daemon.bootstrap.GradleDaemon 9.4.1
java_class_path (initial): C:\Users\Admin\.gradle\wrapper\dists\gradle-9.4.1-bin\arn2x92ynaizyzdaamcbpbhtj\gradle-9.4.1\lib\gradle-daemon-main-9.4.1.jar
Launcher Type: SUN_STANDARD

[Global flags]
     intx CICompilerCount                          = 4                                         {product} {ergonomic}
     uint ConcGCThreads                            = 3                                         {product} {ergonomic}
     uint G1ConcRefinementThreads                  = 10                                        {product} {ergonomic}
   size_t G1HeapRegionSize                         = 1048576                                   {product} {ergonomic}
    uintx GCDrainStackTargetSize                   = 64                                        {product} {ergonomic}
   size_t InitialHeapSize                          = 257949696                                 {product} {ergonomic}
   size_t MarkStackSize                            = 4194304                                   {product} {ergonomic}
   size_t MaxHeapSize                              = 2147483648                                {product} {command line}
   size_t MaxNewSize                               = 1287651328                                {product} {ergonomic}
   size_t MinHeapDeltaBytes                        = 1048576                                   {product} {ergonomic}
   size_t MinHeapSize                              = 8388608                                   {product} {ergonomic}
    uintx NonNMethodCodeHeapSize                   = 5839372                                {pd product} {ergonomic}
    uintx NonProfiledCodeHeapSize                  = 122909434                              {pd product} {ergonomic}
     bool PerfDisableSharedMem                     = true                                      {product} {ergonomic}
    uintx ProfiledCodeHeapSize                     = 122909434                              {pd product} {ergonomic}
    uintx ReservedCodeCacheSize                    = 251658240                              {pd product} {ergonomic}
     bool SegmentedCodeCache                       = true                                      {product} {ergonomic}
   size_t SoftMaxHeapSize                          = 2147483648                             {manageable} {ergonomic}
     bool UseCompressedOops                        = true                           {product lp64_product} {ergonomic}
     bool UseG1GC                                  = true                                      {product} {ergonomic}
     bool UseLargePagesIndividualAllocation        = false                                  {pd product} {ergonomic}

Logging:
Log output configuration:
 #0: stdout all=warning uptime,level,tags foldmultilines=false
 #1: stderr all=off uptime,level,tags foldmultilines=false

Release file:
JAVA_VERSION="21.0.10" 
MODULES="java.base java.compiler java.datatransfer java.xml java.prefs java.desktop java.instrument java.logging java.management java.security.sasl java.naming java.rmi java.management.rmi java.net.http java.scripting java.security.jgss java.transaction.xa java.sql java.sql.rowset java.xml.crypto java.se java.smartcardio jdk.accessibility jdk.internal.jvmstat jdk.attach jdk.charsets jdk.internal.opt jdk.zipfs jdk.compiler jdk.crypto.ec jdk.crypto.cryptoki jdk.dynalink jdk.hotspot.agent jdk.httpserver jdk.internal.ed jdk.internal.le jdk.internal.vm.ci jdk.jartool jdk.javadoc jdk.jcmd jdk.jdeps jdk.jdwp.agent jdk.jdi jdk.jfr jdk.jlink jdk.jsobject jdk.localedata jdk.management jdk.management.agent jdk.management.jfr jdk.naming.dns jdk.naming.rmi jdk.net jdk.sctp jdk.security.auth jdk.security.jgss jdk.unsupported jdk.unsupported.desktop jdk.xml.dom" 
IMPLEMENTOR="JetBrains s.r.o." 
JAVA_RUNTIME_VERSION="21.0.10+-14961533-b1163.108" 
LIBC="default" 
OS_ARCH="x86_64" 
OS_NAME="Windows" 
SOURCE=".:git:1351622c2ff2" 

Environment Variables:
PATH=C:\Program Files\Common Files\Oracle\Java\javapath;C:\Program Files (x86)\Common Files\Oracle\Java\java8path;C:\Program Files (x86)\Common Files\Oracle\Java\javapath;C:\WINDOWS\system32;C:\WINDOWS;C:\WINDOWS\System32\Wbem;C:\WINDOWS\System32\WindowsPowerShell\v1.0\;C:\WINDOWS\System32\OpenSSH\;C:\Program Files (x86)\Microsoft SQL Server\170\Tools\Binn\;C:\Program Files\Microsoft SQL Server\170\Tools\Binn\;C:\Program Files\Microsoft SQL Server\Client SDK\ODBC\180\Tools\Binn\;C:\Program Files\Microsoft SQL Server\170\DTS\Binn\;C:\Program Files\Git\cmd;C:\php;C:\ProgramData\ComposerSetup\bin;C:\Program Files\nodejs\;C:\Users\Admin\AppData\Local\Microsoft\WindowsApps;C:\Users\Admin\AppData\Local\Programs\Microsoft VS Code\bin;C:\Users\Admin\AppData\Roaming\Composer\vendor\bin;C:\Users\Admin\AppData\Roaming\npm;C:\Program Files\JetBrains\IntelliJ IDEA 2026.2.1\bin
USERNAME=Admin
OS=Windows_NT
PROCESSOR_IDENTIFIER=AMD64 Family 25 Model 80 Stepping 0, AuthenticAMD
TMP=C:\Users\Admin\AppData\Local\Temp
TEMP=C:\Users\Admin\AppData\Local\Temp




Periodic native trim disabled

JNI global refs:
JNI global refs: 30, weak refs: 39

JNI global refs memory usage: 835, weak refs: 833

Process memory usage:
Resident Set Size: 814032K (5% of 16100448K total physical memory with 584916K free physical memory)

OOME stack traces (most recent first):
Classloader memory used:
Loader org.gradle.internal.classloader.VisitableURLClassLoader                         : 49476K
Loader bootstrap                                                                       : 31368K
Loader org.gradle.internal.classloader.VisitableURLClassLoader$InstrumentingVisitableURLClassLoader: 29474K
Loader org.gradle.initialization.MixInLegacyTypesClassLoader                           : 16733K
Loader java.net.URLClassLoader                                                         : 5437K
Loader jdk.internal.reflect.DelegatingClassLoader                                      : 1527K
Loader org.gradle.internal.classloader.VisitableURLClassLoader                         : 245K
Loader jdk.internal.loader.ClassLoaders$AppClassLoader                                 : 192K
Loader jdk.internal.loader.ClassLoaders$PlatformClassLoader                            : 181K
Loader org.gradle.groovy.scripts.internal.DefaultScriptCompilationHandler$ScriptClassLoader: 128K
Loader sun.reflect.misc.MethodUtil                                                     : 2984B

Classes loaded by more than one classloader:
Class Program                                                                         : loaded 5 times (x 72B)
Class Build_gradle                                                                    : loaded 3 times (x 126B)
Class com.google.common.base.PairwiseEquivalence                                      : loaded 2 times (x 83B)
Class com.google.common.base.Equivalence$Identity                                     : loaded 2 times (x 82B)
Class com.google.common.collect.RegularImmutableMap$KeySet                            : loaded 2 times (x 152B)
Class ijKotlinCoroutineJvmDebugInit1_2edxob47te3k3j1lkm25ffz4$_run_closure1$_closure2 : loaded 2 times (x 139B)
Class org.gradle.internal.classloader.FilteringClassLoader                            : loaded 2 times (x 105B)
Class kotlin.jvm.internal.CollectionToArray                                           : loaded 2 times (x 71B)
Class kotlin.io.FilesKt__FileTreeWalkKt                                               : loaded 2 times (x 71B)
Class kotlin.sequences.FilteringSequence$iterator$1                                   : loaded 2 times (x 79B)
Class kotlin.sequences.SequencesKt__SequenceBuilderKt                                 : loaded 2 times (x 71B)
Class kotlin.collections.CollectionsKt__ReversedViewsKt                               : loaded 2 times (x 71B)
Class com.google.common.base.CharMatcher$IsEither                                     : loaded 2 times (x 111B)
Class org.gradle.internal.classloader.ClassLoaderHierarchy                            : loaded 2 times (x 70B)
Class com.google.common.collect.AbstractMapBasedMultimap$WrappedCollection            : loaded 2 times (x 124B)
Class com.google.common.collect.ImmutableEnumSet                                      : loaded 2 times (x 146B)
Class com.google.common.util.concurrent.ExecutionError                                : loaded 2 times (x 82B)
Class com.google.common.collect.ImmutableList$1                                       : loaded 2 times (x 97B)
Class com.google.common.collect.RegularImmutableMap                                   : loaded 2 times (x 121B)
Class com.google.common.collect.ImmutableMap$MapViewOfValuesAsSingletonSets           : loaded 2 times (x 126B)
Class com.google.common.reflect.TypeCapture                                           : loaded 2 times (x 71B)
Class [Lorg.objectweb.asm.Symbol;                                                     : loaded 2 times (x 69B)
Class org.objectweb.asm.ClassVisitor                                                  : loaded 2 times (x 88B)
Class com.google.common.collect.UnmodifiableListIterator                              : loaded 2 times (x 95B)
Class com.google.common.base.Platform$JdkPatternCompiler                              : loaded 2 times (x 75B)
Class org.objectweb.asm.MethodTooLargeException                                       : loaded 2 times (x 83B)
Class [Lcom.google.common.cache.CacheBuilder$OneWeigher;                              : loaded 2 times (x 69B)
Class com.google.common.base.Suppliers                                                : loaded 2 times (x 71B)
Class org.gradle.internal.classloader.DefaultClassLoaderFactory                       : loaded 2 times (x 82B)
Class kotlin.sequences.SequencesKt___SequencesKt                                      : loaded 2 times (x 71B)
Class kotlin.collections.AbstractList$Companion                                       : loaded 2 times (x 71B)
Class [Lcom.google.common.collect.ImmutableMapEntry;                                  : loaded 2 times (x 69B)
Class kotlin.text.StringsKt__AppendableKt                                             : loaded 2 times (x 71B)
Class com.google.common.collect.ListMultimap                                          : loaded 2 times (x 70B)
Class com.google.common.collect.ImmutableEnumMap                                      : loaded 2 times (x 126B)
Class [Lkotlin.reflect.KCallable;                                                     : loaded 2 times (x 69B)
Class com.google.common.collect.ImmutableSet$SerializedForm                           : loaded 2 times (x 73B)
Class com.google.common.collect.Sets$1                                                : loaded 2 times (x 139B)
Class org.objectweb.asm.AnnotationVisitor                                             : loaded 2 times (x 78B)
Class org.gradle.api.internal.DefaultClassPathProvider                                : loaded 2 times (x 76B)
Class kotlin.sequences.Sequence                                                       : loaded 2 times (x 70B)
Class kotlin.text.StringsKt__StringNumberConversionsJVMKt                             : loaded 2 times (x 71B)
Class com.google.common.collect.Sets$2                                                : loaded 2 times (x 139B)
Class [Lorg.gradle.api.internal.ClassPathProvider;                                    : loaded 2 times (x 69B)
Class org.gradle.api.internal.ClassPathProvider                                       : loaded 2 times (x 70B)
Class com.google.common.reflect.Types$ClassOwnership$1                                : loaded 2 times (x 80B)
Class com.google.common.collect.Sets$3                                                : loaded 2 times (x 139B)
Class com.google.common.cache.LocalCache$LocalLoadingCache                            : loaded 2 times (x 134B)
Class org.gradle.internal.service.UnknownServiceException                             : loaded 2 times (x 83B)
Class com.google.common.reflect.Types$ClassOwnership$2                                : loaded 2 times (x 80B)
Class com.google.common.reflect.TypeResolver                                          : loaded 2 times (x 72B)
Class com.google.common.collect.Sets$4                                                : loaded 2 times (x 139B)
Class org.objectweb.asm.ModuleVisitor                                                 : loaded 2 times (x 81B)
Class com.google.common.cache.LocalCache$Strength$1                                   : loaded 2 times (x 81B)
Class com.google.common.reflect.Types$ClassOwnership$3                                : loaded 2 times (x 71B)
Class com.google.common.util.concurrent.SettableFuture                                : loaded 2 times (x 114B)
Class com.google.common.cache.LocalCache$Strength$2                                   : loaded 2 times (x 81B)
Class kotlin.collections.ArraysKt___ArraysJvmKt                                       : loaded 2 times (x 71B)
Class kotlin.collections.CollectionsKt__CollectionsKt                                 : loaded 2 times (x 71B)
Class kotlin.text.StringsKt__RegexExtensionsJVMKt                                     : loaded 2 times (x 71B)
Class com.google.common.cache.LocalCache$Strength$3                                   : loaded 2 times (x 81B)
Class com.google.common.collect.MapDifference                                         : loaded 2 times (x 70B)
Class kotlin._Assertions                                                              : loaded 2 times (x 71B)
Class com.google.common.reflect.Invokable                                             : loaded 2 times (x 103B)
Class org.objectweb.asm.FieldWriter                                                   : loaded 2 times (x 78B)
Class com.google.common.cache.CacheBuilder$NullListener                               : loaded 2 times (x 82B)
Class org.gradle.internal.classpath.TransformedClassPath                              : loaded 2 times (x 96B)
Class org.gradle.internal.classloader.InstrumentingClassLoader                        : loaded 2 times (x 70B)
Class kotlin.jvm.internal.FunctionReference                                           : loaded 2 times (x 122B)
Class kotlin.jvm.internal.FunctionBase                                                : loaded 2 times (x 70B)
Class kotlin.enums.EnumEntriesList                                                    : loaded 2 times (x 223B)
Class com.google.common.reflect.Types$ParameterizedTypeImpl                           : loaded 2 times (x 81B)
Class com.google.common.cache.CacheLoader$FunctionToCacheLoader                       : loaded 2 times (x 75B)
Class com.google.common.collect.Iterators$ArrayItr                                    : loaded 2 times (x 97B)
Class com.google.common.collect.ImmutableCollection$Builder                           : loaded 2 times (x 76B)
Class kotlin.comparisons.ComparisonsKt___ComparisonsJvmKt                             : loaded 2 times (x 71B)
Class kotlin.collections.CollectionsKt__IteratorsJVMKt                                : loaded 2 times (x 71B)
Class com.google.common.reflect.TypeResolver$TypeVariableKey                          : loaded 2 times (x 72B)
Class com.google.common.base.Joiner                                                   : loaded 2 times (x 79B)
Class com.google.common.base.MoreObjects                                              : loaded 2 times (x 71B)
Class [Lorg.jetbrains.kotlin.com.intellij.openapi.diagnostic.LogLevel;                : loaded 2 times (x 69B)
Class kotlin.text.StringsKt__StringsKt                                                : loaded 2 times (x 71B)
Class com.google.common.collect.Platform                                              : loaded 2 times (x 71B)
Class [Lorg.objectweb.asm.Type;                                                       : loaded 2 times (x 69B)
Class com.google.common.collect.UnmodifiableIterator                                  : loaded 2 times (x 80B)
Class org.gradle.internal.service.ServiceLocator                                      : loaded 2 times (x 70B)
Class kotlin.Pair                                                                     : loaded 2 times (x 72B)
Class [Lkotlin.Function;                                                              : loaded 2 times (x 69B)
Class com.google.common.base.Ascii                                                    : loaded 2 times (x 71B)
Class com.google.common.cache.LocalCache$1                                            : loaded 2 times (x 89B)
Class com.google.common.collect.SingletonImmutableBiMap                               : loaded 2 times (x 143B)
Class com.google.common.collect.Iterators$SingletonIterator                           : loaded 2 times (x 81B)
Class com.google.common.collect.AbstractMapEntry                                      : loaded 2 times (x 81B)
Class kotlin.io.CloseableKt                                                           : loaded 2 times (x 71B)
Class kotlin.collections.CollectionsKt__MutableCollectionsKt                          : loaded 2 times (x 71B)
Class com.google.common.reflect.TypeToken$SimpleTypeToken                             : loaded 2 times (x 73B)
Class com.google.common.collect.Sets$ImprovedAbstractSet                              : loaded 2 times (x 135B)
Class com.google.common.collect.ImmutableList$Builder                                 : loaded 2 times (x 77B)
Class com.google.common.collect.AbstractMultimap                                      : loaded 2 times (x 123B)
Class com.google.common.cache.LocalCache$2                                            : loaded 2 times (x 142B)
Class kotlin.reflect.KCallable                                                        : loaded 2 times (x 70B)
Class kotlin.io.TerminateException                                                    : loaded 2 times (x 82B)
Class kotlin.io.FilesKt__FilePathComponentsKt                                         : loaded 2 times (x 71B)
Class com.google.common.collect.RegularImmutableAsList                                : loaded 2 times (x 217B)
Class com.google.common.util.concurrent.AbstractFuture$Trusted                        : loaded 2 times (x 70B)
Class com.google.common.collect.Iterators                                             : loaded 2 times (x 71B)
Class [Lorg.jetbrains.kotlin.build.report.metrics.BuildTime;                          : loaded 2 times (x 69B)
Class com.google.common.collect.Lists$StringAsImmutableList                           : loaded 2 times (x 207B)
Class com.google.common.util.concurrent.UncheckedExecutionException                   : loaded 2 times (x 82B)
Class org.gradle.kotlin.dsl.VersionCatalogAccessorsKt                                 : loaded 2 times (x 71B)
Class kotlin.collections.EmptyList                                                    : loaded 2 times (x 174B)
Class kotlin.collections.MapsKt__MapsJVMKt                                            : loaded 2 times (x 71B)
Class com.google.common.collect.AbstractMapBasedMultimap$KeySet$1                     : loaded 2 times (x 82B)
Class org.objectweb.asm.ClassWriter                                                   : loaded 2 times (x 106B)
Class com.google.common.cache.CacheLoader$UnsupportedLoadingOperationException        : loaded 2 times (x 82B)
Class com.google.common.base.CharMatcher$And                                          : loaded 2 times (x 112B)
Class com.google.common.base.Objects                                                  : loaded 2 times (x 71B)
Class org.objectweb.asm.FieldVisitor                                                  : loaded 2 times (x 77B)
Class com.google.common.collect.IndexedImmutableSet                                   : loaded 2 times (x 152B)
Class com.google.common.collect.ImmutableMap$1                                        : loaded 2 times (x 81B)
Class com.google.common.collect.BiMap                                                 : loaded 2 times (x 70B)
Class org.gradle.api.internal.classpath.DefaultModuleRegistry$DefaultModule           : loaded 2 times (x 82B)
Class com.google.common.reflect.Reflection                                            : loaded 2 times (x 71B)
Class com.google.common.primitives.Ints                                               : loaded 2 times (x 71B)
Class com.google.common.collect.AbstractIterator                                      : loaded 2 times (x 82B)
Class kotlin.collections.IndexingIterable                                             : loaded 2 times (x 79B)
Class kotlin.collections.ArraysKt__ArraysKt                                           : loaded 2 times (x 71B)
Class com.google.common.collect.ObjectArrays                                          : loaded 2 times (x 71B)
Class com.google.common.math.MathPreconditions                                        : loaded 2 times (x 71B)
Class com.google.common.collect.Multiset                                              : loaded 2 times (x 70B)
Class com.google.common.collect.ArrayListMultimapGwtSerializationDependencies         : loaded 2 times (x 172B)
Class com.google.common.collect.AbstractIndexedListIterator                           : loaded 2 times (x 96B)
Class kotlin.collections.SetsKt__SetsJVMKt                                            : loaded 2 times (x 71B)
Class kotlin.Function                                                                 : loaded 2 times (x 70B)
Class com.google.common.collect.ImmutableMapEntrySet                                  : loaded 2 times (x 152B)
Class org.gradle.api.internal.classpath.Module                                        : loaded 2 times (x 70B)
Class kotlin.internal.ProgressionUtilKt                                               : loaded 2 times (x 71B)
Class kotlin.io.FileAlreadyExistsException                                            : loaded 2 times (x 82B)
Class com.google.common.cache.Weigher                                                 : loaded 2 times (x 70B)
Class org.gradle.api.internal.classpath.UnknownModuleException                        : loaded 2 times (x 82B)
Class com.google.common.base.Stopwatch                                                : loaded 2 times (x 72B)
Class com.google.common.cache.LocalCache$Strength                                     : loaded 2 times (x 81B)
Class com.google.common.cache.Cache                                                   : loaded 2 times (x 70B)
Class kotlin.collections.IndexingIterator                                             : loaded 2 times (x 79B)
Class org.jetbrains.kotlin.build.report.metrics.BuildMetricsReporter                  : loaded 2 times (x 70B)
Class com.google.common.util.concurrent.AbstractFuture$Cancellation                   : loaded 2 times (x 72B)
Class com.google.common.collect.ImmutableMap$Builder                                  : loaded 2 times (x 82B)
Class [Lkotlin.reflect.KAnnotatedElement;                                             : loaded 2 times (x 69B)
Class com.google.common.cache.RemovalListener                                         : loaded 2 times (x 70B)
Class ijKotlinCoroutineJvmDebugInit1_2edxob47te3k3j1lkm25ffz4                         : loaded 2 times (x 171B)
Class org.gradle.api.internal.DefaultClassPathRegistry                                : loaded 2 times (x 76B)
Class com.google.common.reflect.Invokable$ConstructorInvokable                        : loaded 2 times (x 107B)
Class com.google.common.primitives.IntsMethodsForWeb                                  : loaded 2 times (x 71B)
Class com.google.common.collect.Multimap                                              : loaded 2 times (x 70B)
Class org.gradle.internal.classpath.DefaultClassPath$ImmutableUniqueList              : loaded 2 times (x 199B)
Class org.gradle.api.internal.ClassPathRegistry                                       : loaded 2 times (x 70B)
Class kotlin.text.StringsKt__StringsJVMKt                                             : loaded 2 times (x 71B)
Class com.google.common.reflect.TypeToken                                             : loaded 2 times (x 73B)
Class com.google.common.base.ExtraObjectsMethodsForWeb                                : loaded 2 times (x 71B)
Class kotlin.collections.SetsKt                                                       : loaded 2 times (x 71B)
Class kotlin.text.StringsKt__IndentKt                                                 : loaded 2 times (x 71B)
Class org.jetbrains.kotlin.build.report.metrics.GradleBuildTime                       : loaded 2 times (x 86B)
Class com.google.common.cache.CacheBuilder                                            : loaded 2 times (x 72B)
Class com.google.common.collect.SingletonImmutableList                                : loaded 2 times (x 207B)
Class Settings_gradle$1                                                               : loaded 2 times (x 74B)
Class org.gradle.internal.classpath.ClassPath                                         : loaded 2 times (x 70B)
Class kotlin.reflect.KFunction                                                        : loaded 2 times (x 70B)
Class [Lcom.google.common.reflect.Types$JavaVersion;                                  : loaded 2 times (x 69B)
Class com.google.common.base.JdkPattern                                               : loaded 2 times (x 75B)
Class com.google.common.collect.ImmutableList$ReverseImmutableList                    : loaded 2 times (x 209B)
Class org.jetbrains.kotlin.com.intellij.openapi.diagnostic.Logger                     : loaded 2 times (x 99B)
Class kotlin.collections.MapsKt__MapsKt                                               : loaded 2 times (x 71B)
Class com.google.errorprone.annotations.DoNotMock                                     : loaded 2 times (x 70B)
Class org.objectweb.asm.SymbolTable$Entry                                             : loaded 2 times (x 74B)
Class org.gradle.api.internal.classpath.DefaultModuleRegistry$DefaultModuleAlias      : loaded 2 times (x 80B)
Class org.objectweb.asm.Edge                                                          : loaded 2 times (x 72B)
Class com.google.common.base.Suppliers$SupplierOfInstance                             : loaded 2 times (x 79B)
Class com.google.common.collect.Iterators$1                                           : loaded 2 times (x 81B)
Class kotlin.UninitializedPropertyAccessException                                     : loaded 2 times (x 82B)
Class com.google.common.reflect.TypeToken$1                                           : loaded 2 times (x 110B)
Class com.google.common.cache.LocalCache$ComputingValueReference                      : loaded 2 times (x 96B)
Class com.google.common.collect.SingletonImmutableSet                                 : loaded 2 times (x 146B)
Class com.google.common.collect.ImmutableMap$IteratorBasedImmutableMap                : loaded 2 times (x 126B)
Class com.google.common.reflect.TypeToken$2                                           : loaded 2 times (x 110B)
Class com.google.common.cache.LocalCache$Segment                                      : loaded 2 times (x 154B)
Class com.google.common.collect.AbstractListMultimap                                  : loaded 2 times (x 172B)
Class [Lorg.objectweb.asm.SymbolTable$Entry;                                          : loaded 2 times (x 69B)
Class com.google.common.cache.CacheLoader                                             : loaded 2 times (x 74B)
Class com.google.common.collect.Iterators$4                                           : loaded 2 times (x 82B)
Class com.google.common.collect.ImmutableBiMap                                        : loaded 2 times (x 143B)
Class org.gradle.api.internal.classpath.ModuleRegistry                                : loaded 2 times (x 70B)
Class org.gradle.internal.installation.GradleInstallation$1                           : loaded 2 times (x 75B)
Class com.google.common.collect.ImmutableSet$JdkBackedSetBuilderImpl                  : loaded 2 times (x 76B)
Class com.google.common.util.concurrent.internal.InternalFutureFailureAccess          : loaded 2 times (x 72B)
Class com.google.common.collect.Iterators$5                                           : loaded 2 times (x 82B)
Class com.google.common.cache.LocalCache$LocalManualCache$1                           : loaded 2 times (x 75B)
Class com.google.common.base.CharMatcher$ForPredicate                                 : loaded 2 times (x 112B)
Class kotlin.io.FilesKt__UtilsKt                                                      : loaded 2 times (x 71B)
Class kotlin.collections.CollectionsKt__CollectionsJVMKt                              : loaded 2 times (x 71B)
Class com.google.common.base.CharMatcher$AnyOf                                        : loaded 2 times (x 112B)
Class com.google.common.collect.ImmutableCollection                                   : loaded 2 times (x 125B)
Class org.gradle.api.internal.classpath.DefaultModuleRegistry                         : loaded 2 times (x 84B)
Class kotlin.collections.IndexedValue                                                 : loaded 2 times (x 72B)
Class kotlin.sequences.SequencesKt                                                    : loaded 2 times (x 71B)
Class kotlin.collections.CollectionsKt__IteratorsKt                                   : loaded 2 times (x 71B)
Class org.jetbrains.kotlin.build.report.metrics.GradleBuildTime$Companion             : loaded 2 times (x 71B)
Class com.google.common.collect.Lists                                                 : loaded 2 times (x 71B)
Class com.google.common.util.concurrent.ListenableFuture                              : loaded 2 times (x 70B)
Class com.google.common.cache.ReferenceEntry                                          : loaded 2 times (x 70B)
Class com.google.common.base.Converter                                                : loaded 2 times (x 90B)
Class com.google.common.collect.ImmutableSet$CachingAsList                            : loaded 2 times (x 148B)
Class org.jetbrains.kotlin.com.intellij.openapi.diagnostic.Logger$DefaultFactory      : loaded 2 times (x 74B)
Class kotlin.text.StringsKt                                                           : loaded 2 times (x 71B)
Class com.google.common.collect.AbstractMapBasedMultimap                              : loaded 2 times (x 139B)
Class com.google.common.util.concurrent.AbstractFuture                                : loaded 2 times (x 106B)
Class com.google.common.base.FunctionalEquivalence                                    : loaded 2 times (x 83B)
Class com.google.common.collect.Iterators$9                                           : loaded 2 times (x 81B)
Class com.google.common.collect.ImmutableAsList                                       : loaded 2 times (x 209B)
Class kotlin.LazyKt__LazyJVMKt                                                        : loaded 2 times (x 71B)
Class com.google.common.reflect.TypeResolver$TypeTable                                : loaded 2 times (x 73B)
Class org.objectweb.asm.RecordComponentVisitor                                        : loaded 2 times (x 77B)
Class com.google.common.cache.CacheLoader$SupplierToCacheLoader                       : loaded 2 times (x 75B)
Class kotlin.io.FilesKt__FileReadWriteKt                                              : loaded 2 times (x 71B)
Class kotlin.text.StringsKt__StringNumberConversionsKt                                : loaded 2 times (x 71B)
Class com.google.common.reflect.TypeResolver$TypeTable$1                              : loaded 2 times (x 73B)
Class com.google.common.collect.Maps$EntryTransformer                                 : loaded 2 times (x 70B)
Class org.gradle.internal.service.ServiceLookupException                              : loaded 2 times (x 82B)
Class org.jetbrains.kotlin.com.intellij.openapi.diagnostic.LogLevel                   : loaded 2 times (x 79B)
Class [Lcom.google.common.cache.LocalCache$EntryFactory;                              : loaded 2 times (x 69B)
Class org.gradle.internal.classloader.ClassLoaderFactory                              : loaded 2 times (x 70B)
Class com.google.common.base.CommonPattern                                            : loaded 2 times (x 74B)
Class com.google.common.cache.LocalCache$LocalManualCache                             : loaded 2 times (x 99B)
Class com.google.common.base.CharMatcher$IsNot                                        : loaded 2 times (x 111B)
Class org.gradle.internal.service.CachingServiceLocator                               : loaded 2 times (x 82B)
Class kotlin.jvm.internal.CallableReference                                           : loaded 2 times (x 106B)
Class com.google.common.collect.AbstractMapBasedMultimap$KeySet                       : loaded 2 times (x 137B)
Class com.google.common.math.IntMath                                                  : loaded 2 times (x 71B)
Class org.jetbrains.kotlin.build.report.metrics.BuildTime                             : loaded 2 times (x 70B)
Class com.google.common.reflect.Types$TypeVariableInvocationHandler                   : loaded 2 times (x 75B)
Class com.google.common.collect.ImmutableMapEntry                                     : loaded 2 times (x 85B)
Class kotlin.enums.EnumEntries                                                        : loaded 2 times (x 70B)
Class org.jetbrains.kotlin.build.report.metrics.DoNothingBuildMetricsReporter         : loaded 2 times (x 86B)
Class com.google.common.base.Equivalence                                              : loaded 2 times (x 82B)
Class com.google.common.base.Function                                                 : loaded 2 times (x 70B)
Class com.google.common.collect.ImmutableMapEntry$NonTerminalImmutableMapEntry        : loaded 2 times (x 85B)
Class ijJvmDebugger1_6gnha51x1399uf0afb4xb1b8s$_run_closure1                          : loaded 2 times (x 139B)
Class com.google.common.cache.CacheBuilder$OneWeigher                                 : loaded 2 times (x 82B)
Class com.google.common.collect.RegularImmutableList                                  : loaded 2 times (x 213B)
Class org.jetbrains.kotlin.com.intellij.openapi.diagnostic.Logger$Factory             : loaded 2 times (x 70B)
Class com.google.common.reflect.Types$ClassOwnership$1LocalClass                      : loaded 2 times (x 71B)
Class org.gradle.internal.classloader.ClasspathUtil                                   : loaded 2 times (x 71B)
Class kotlin.io.FileSystemException                                                   : loaded 2 times (x 82B)
Class com.google.common.util.concurrent.Uninterruptibles                              : loaded 2 times (x 71B)
Class kotlin.jvm.internal.DefaultConstructorMarker                                    : loaded 2 times (x 71B)
Class com.google.common.util.concurrent.LazyLogger                                    : loaded 2 times (x 72B)
Class com.google.common.collect.Maps                                                  : loaded 2 times (x 71B)
Class org.gradle.api.specs.Spec                                                       : loaded 2 times (x 70B)
Class com.google.common.reflect.Types$JavaVersion                                     : loaded 2 times (x 83B)
Class [Lcom.google.common.collect.ImmutableEntry;                                     : loaded 2 times (x 69B)
Class com.google.common.cache.LocalCache$LoadingValueReference                        : loaded 2 times (x 96B)
Class kotlin.collections.EmptyIterator                                                : loaded 2 times (x 89B)
Class kotlin.SynchronizedLazyImpl                                                     : loaded 2 times (x 76B)
Class kotlin.text.StringsKt__RegexExtensionsKt                                        : loaded 2 times (x 71B)
Class com.google.common.reflect.Invokable$MethodInvokable                             : loaded 2 times (x 107B)
Class com.google.common.base.Platform                                                 : loaded 2 times (x 71B)
Class kotlin.sequences.SequencesKt__SequencesJVMKt                                    : loaded 2 times (x 71B)
Class kotlin.collections.AbstractList                                                 : loaded 2 times (x 197B)
Class kotlin.collections.AbstractCollection                                           : loaded 2 times (x 117B)
Class com.google.common.collect.Maps$8                                                : loaded 2 times (x 82B)
Class kotlin.collections.ArrayAsCollection                                            : loaded 2 times (x 105B)
Class kotlin.LazyKt__LazyKt                                                           : loaded 2 times (x 71B)
Class kotlin.text.StringsKt__StringBuilderJVMKt                                       : loaded 2 times (x 71B)
Class com.google.common.collect.Sets$SetView                                          : loaded 2 times (x 138B)
Class com.google.common.cache.LocalCache$StrongValueReference                         : loaded 2 times (x 90B)
Class kotlin.UNINITIALIZED_VALUE                                                      : loaded 2 times (x 71B)
Class org.objectweb.asm.Type                                                          : loaded 2 times (x 72B)
Class org.gradle.internal.classloader.VisitableURLClassLoader$InstrumentingVisitableURLClassLoader: loaded 2 times (x 123B)
Class kotlin.comparisons.ComparisonsKt__ComparisonsKt                                 : loaded 2 times (x 71B)
Class kotlin.ranges.RangesKt__RangesKt                                                : loaded 2 times (x 71B)
Class kotlin.collections.SetsKt___SetsKt                                              : loaded 2 times (x 71B)
Class kotlin.sequences.SequencesKt__SequencesKt                                       : loaded 2 times (x 71B)
Class com.google.common.math.IntMath$1                                                : loaded 2 times (x 71B)
Class org.objectweb.asm.ByteVector                                                    : loaded 2 times (x 79B)
Class [Lcom.google.common.cache.CacheBuilder$NullListener;                            : loaded 2 times (x 69B)
Class org.gradle.internal.classloader.VisitableURLClassLoader$Spec                    : loaded 2 times (x 74B)
Class org.gradle.internal.classpath.DefaultClassPath                                  : loaded 2 times (x 90B)
Class kotlin.comparisons.ComparisonsKt                                                : loaded 2 times (x 71B)
Class kotlin.comparisons.ComparisonsKt___ComparisonsKt                                : loaded 2 times (x 71B)
Class kotlin.sequences.FilteringSequence                                              : loaded 2 times (x 75B)
Class [Lorg.jetbrains.kotlin.build.report.metrics.GradleBuildTime;                    : loaded 2 times (x 69B)
Class com.google.common.reflect.Types$ClassOwnership                                  : loaded 2 times (x 80B)
Class org.objectweb.asm.Symbol                                                        : loaded 2 times (x 73B)
Class ijKotlinCoroutineJvmDebugInit1_2edxob47te3k3j1lkm25ffz4$_run_closure1           : loaded 2 times (x 139B)
Class com.google.common.base.CharMatcher$BitSetMatcher                                : loaded 2 times (x 112B)
Class com.google.common.collect.RegularImmutableMap$Values                            : loaded 2 times (x 207B)
Class com.google.common.collect.ImmutableSet                                          : loaded 2 times (x 145B)
Class org.gradle.internal.classloader.ClassLoaderSpec                                 : loaded 2 times (x 71B)
Class kotlin.jvm.internal.FunctionReferenceImpl                                       : loaded 2 times (x 122B)
Class kotlin.collections.CollectionsKt___CollectionsJvmKt                             : loaded 2 times (x 71B)
Class org.objectweb.asm.AnnotationWriter                                              : loaded 2 times (x 79B)
Class com.google.common.cache.CacheStats                                              : loaded 2 times (x 71B)
Class kotlin.TuplesKt                                                                 : loaded 2 times (x 71B)
Class kotlin.Unit                                                                     : loaded 2 times (x 71B)
Class kotlin.sequences.SequencesKt___SequencesJvmKt                                   : loaded 2 times (x 71B)
Class org.objectweb.asm.RecordComponentWriter                                         : loaded 2 times (x 78B)
Class com.google.common.util.concurrent.AbstractFuture$Listener                       : loaded 2 times (x 72B)
Class com.google.common.base.CharMatcher$Or                                           : loaded 2 times (x 112B)
Class Settings_gradle$1$1                                                             : loaded 2 times (x 74B)
Class org.gradle.api.internal.classpath.Module$ModuleAlias                            : loaded 2 times (x 70B)
Class kotlin.ranges.RangesKt                                                          : loaded 2 times (x 71B)
Class org.objectweb.asm.Attribute                                                     : loaded 2 times (x 77B)
Class com.google.common.base.Supplier                                                 : loaded 2 times (x 70B)
Class org.gradle.internal.classloader.VisitableURLClassLoader                         : loaded 2 times (x 117B)
Class kotlin.collections.ArraysUtilJVM                                                : loaded 2 times (x 71B)
Class kotlin.jvm.functions.Function0                                                  : loaded 2 times (x 70B)
Class Settings_gradle                                                                 : loaded 2 times (x 124B)
Class org.gradle.internal.Cast                                                        : loaded 2 times (x 71B)
Class org.gradle.api.Action                                                           : loaded 2 times (x 70B)
Class kotlin.jvm.functions.Function1                                                  : loaded 2 times (x 70B)
Class com.google.common.base.Strings                                                  : loaded 2 times (x 71B)
Class com.google.common.collect.Sets                                                  : loaded 2 times (x 71B)
Class org.objectweb.asm.Handler                                                       : loaded 2 times (x 72B)
Class com.google.common.base.Ticker                                                   : loaded 2 times (x 72B)
Class com.google.common.base.CharMatcher$FastMatcher                                  : loaded 2 times (x 111B)
Class kotlin.jvm.functions.Function2                                                  : loaded 2 times (x 70B)
Class [Lcom.google.common.cache.LocalCache$Segment;                                   : loaded 2 times (x 69B)
Class [Lcom.google.common.cache.LocalCache$Strength;                                  : loaded 2 times (x 69B)
Class com.google.common.cache.CacheBuilder$1                                          : loaded 2 times (x 85B)
Class com.google.common.base.Predicate                                                : loaded 2 times (x 70B)
Class com.google.common.collect.ImmutableMap                                          : loaded 2 times (x 120B)
Class ijJvmDebugger1_6gnha51x1399uf0afb4xb1b8s                                        : loaded 2 times (x 171B)
Class org.gradle.internal.classpath.DefaultClassPath$ImmutableUniqueList$Builder      : loaded 2 times (x 75B)
Class kotlin.jvm.functions.Function3                                                  : loaded 2 times (x 70B)
Class kotlin.collections.MapsKt___MapsJvmKt                                           : loaded 2 times (x 71B)
Class com.google.common.cache.LocalCache                                              : loaded 2 times (x 187B)
Class com.google.common.cache.CacheBuilder$2                                          : loaded 2 times (x 79B)
Class com.google.common.base.CharMatcher$NegatedFastMatcher                           : loaded 2 times (x 113B)
Class kotlin.collections.EmptySet                                                     : loaded 2 times (x 122B)
Class kotlin.collections.CollectionsKt___CollectionsKt                                : loaded 2 times (x 71B)
Class com.google.common.collect.ArrayListMultimap                                     : loaded 2 times (x 172B)
Class com.google.common.cache.CacheBuilder$3                                          : loaded 2 times (x 72B)
Class [Lcom.google.common.collect.AbstractMapEntry;                                   : loaded 2 times (x 69B)
Class com.google.common.collect.ImmutableEntry                                        : loaded 2 times (x 82B)
Class org.gradle.api.GradleException                                                  : loaded 2 times (x 82B)
Class kotlin.reflect.KDeclarationContainer                                            : loaded 2 times (x 70B)
Class kotlin.text.StringsKt___StringsJvmKt                                            : loaded 2 times (x 71B)
Class com.google.common.collect.CollectPreconditions                                  : loaded 2 times (x 71B)
Class kotlin.collections.MapsKt___MapsKt                                              : loaded 2 times (x 71B)
Class kotlin.io.FilesKt                                                               : loaded 2 times (x 71B)
Class kotlin.collections.ArraysKt___ArraysKt                                          : loaded 2 times (x 71B)
Class com.google.common.collect.SortedMapDifference                                   : loaded 2 times (x 70B)
Class kotlin.collections.MapsKt__MapWithDefaultKt                                     : loaded 2 times (x 71B)
Class com.google.common.cache.LocalCache$EntryFactory                                 : loaded 2 times (x 83B)
Class kotlin.collections.CollectionsKt__MutableCollectionsJVMKt                       : loaded 2 times (x 71B)
Class kotlin.enums.EnumEntriesKt                                                      : loaded 2 times (x 71B)
Class kotlin.text.StringsKt___StringsKt                                               : loaded 2 times (x 71B)
Class com.google.common.reflect.Types$NativeTypeVariableEquals                        : loaded 2 times (x 71B)
Class com.google.common.reflect.TypeParameter                                         : loaded 2 times (x 72B)
Class com.google.common.cache.LocalCache$AbstractReferenceEntry                       : loaded 2 times (x 107B)
Class org.gradle.internal.IoActions                                                   : loaded 2 times (x 71B)
Class org.objectweb.asm.SymbolTable                                                   : loaded 2 times (x 72B)
Class com.google.common.cache.CacheLoader$InvalidCacheLoadException                   : loaded 2 times (x 82B)
Class com.google.common.collect.ImmutableSet$RegularSetBuilderImpl                    : loaded 2 times (x 77B)
Class kotlin.reflect.KAnnotatedElement                                                : loaded 2 times (x 70B)
Class kotlin.jvm.internal.Intrinsics                                                  : loaded 2 times (x 71B)
Class com.google.common.cache.LocalCache$StrongEntry                                  : loaded 2 times (x 108B)
Class com.google.common.util.concurrent.AbstractFuture$TrustedFuture                  : loaded 2 times (x 114B)
Class com.google.common.cache.LoadingCache                                            : loaded 2 times (x 70B)
Class kotlin.collections.MapsKt                                                       : loaded 2 times (x 71B)
Class kotlin.collections.CollectionsKt__IterablesKt                                   : loaded 2 times (x 71B)
Class org.objectweb.asm.MethodWriter                                                  : loaded 2 times (x 106B)
Class [Lcom.google.common.cache.Weigher;                                              : loaded 2 times (x 69B)
Class com.google.common.collect.RegularImmutableMap$BucketOverflowException           : loaded 2 times (x 82B)
Class kotlin.KotlinNullPointerException                                               : loaded 2 times (x 83B)
Class kotlin.ranges.RangesKt___RangesKt                                               : loaded 2 times (x 71B)
Class com.google.common.reflect.Types$JavaVersion$1                                   : loaded 2 times (x 83B)
Class com.google.common.cache.LocalCache$ValueReference                               : loaded 2 times (x 70B)
Class com.google.common.base.CharMatcher$Negated                                      : loaded 2 times (x 113B)
Class com.google.common.base.CharMatcher$Is                                           : loaded 2 times (x 111B)
Class com.google.common.collect.RegularImmutableBiMap                                 : loaded 2 times (x 149B)
Class org.jetbrains.kotlin.com.intellij.openapi.diagnostic.Attachment                 : loaded 2 times (x 72B)
Class kotlin.collections.ArraysKt                                                     : loaded 2 times (x 71B)
Class com.google.common.reflect.Types$JavaVersion$2                                   : loaded 2 times (x 83B)
Class com.google.common.reflect.Types                                                 : loaded 2 times (x 71B)
Class com.google.common.base.PatternCompiler                                          : loaded 2 times (x 70B)
Class com.google.common.util.concurrent.AbstractFuture$Failure                        : loaded 2 times (x 72B)
Class com.google.common.base.Equivalence$Equals                                       : loaded 2 times (x 82B)
Class com.google.common.collect.Hashing                                               : loaded 2 times (x 71B)
Class com.google.common.base.Preconditions                                            : loaded 2 times (x 71B)
Class kotlin.collections.SetsKt__SetsKt                                               : loaded 2 times (x 71B)
Class kotlin.LazyKt                                                                   : loaded 2 times (x 71B)
Class com.google.common.reflect.Types$JavaVersion$3                                   : loaded 2 times (x 83B)
Class com.google.common.base.Joiner$1                                                 : loaded 2 times (x 80B)
Class org.objectweb.asm.Label                                                         : loaded 2 times (x 73B)
Class org.objectweb.asm.CurrentFrame                                                  : loaded 2 times (x 73B)
Class org.objectweb.asm.ClassTooLargeException                                        : loaded 2 times (x 83B)
Class com.google.common.base.CharMatcher                                              : loaded 2 times (x 111B)
Class com.google.common.collect.PeekingIterator                                       : loaded 2 times (x 70B)
Class kotlin.collections.ArraysKt__ArraysJVMKt                                        : loaded 2 times (x 71B)
Class com.google.common.reflect.Types$JavaVersion$4                                   : loaded 2 times (x 83B)
Class com.google.common.base.Joiner$2                                                 : loaded 2 times (x 79B)
Class org.objectweb.asm.Frame                                                         : loaded 2 times (x 73B)
Class org.objectweb.asm.MethodVisitor                                                 : loaded 2 times (x 105B)
Class com.google.common.cache.LocalCache$EntryFactory$1                               : loaded 2 times (x 83B)
Class [Lcom.google.common.cache.RemovalListener;                                      : loaded 2 times (x 69B)
Class com.google.common.base.CharMatcher$NamedFastMatcher                             : loaded 2 times (x 112B)
Class com.google.common.base.CharMatcher$1                                            : loaded 2 times (x 113B)
Class kotlin.jvm.internal.CallableReference$NoReceiver                                : loaded 2 times (x 71B)
Class kotlin.text.StringsKt__StringBuilderKt                                          : loaded 2 times (x 71B)
Class com.google.common.reflect.Types$JavaVersion$5                                   : loaded 2 times (x 71B)
Class [Lcom.google.common.reflect.Types$ClassOwnership;                               : loaded 2 times (x 69B)
Class com.google.common.cache.LocalCache$EntryFactory$2                               : loaded 2 times (x 83B)
Class ijJvmDebugger1_6gnha51x1399uf0afb4xb1b8s$_run_closure1$_closure2                : loaded 2 times (x 140B)
Class kotlin.Lazy                                                                     : loaded 2 times (x 70B)
Class kotlin.NoWhenBranchMatchedException                                             : loaded 2 times (x 82B)
Class org.objectweb.asm.ModuleWriter                                                  : loaded 2 times (x 82B)
Class com.google.common.cache.LocalCache$EntryFactory$3                               : loaded 2 times (x 83B)
Class com.google.common.base.Ticker$1                                                 : loaded 2 times (x 72B)
Class com.google.common.collect.Maps$BiMapConverter                                   : loaded 2 times (x 90B)
Class com.google.common.collect.ImmutableMapEntrySet$RegularEntrySet                  : loaded 2 times (x 152B)
Class [Lkotlin.jvm.functions.Function1;                                               : loaded 2 times (x 69B)
Class com.google.common.collect.ImmutableSet$Builder                                  : loaded 2 times (x 85B)
Class com.google.common.cache.LocalCache$EntryFactory$4                               : loaded 2 times (x 83B)
Class com.google.common.base.CharMatcher$InRange                                      : loaded 2 times (x 111B)
Class kotlin.sequences.ConstrainedOnceSequence                                        : loaded 2 times (x 75B)
Class com.google.common.cache.LocalCache$EntryFactory$5                               : loaded 2 times (x 83B)
Class kotlin.jvm.internal.markers.KMappedMarker                                       : loaded 2 times (x 70B)
Class kotlin.NotImplementedError                                                      : loaded 2 times (x 82B)
Class com.google.common.cache.LocalCache$EntryFactory$6                               : loaded 2 times (x 83B)
Class org.gradle.internal.installation.CurrentGradleInstallationLocator               : loaded 2 times (x 71B)
Class com.google.common.collect.Maps$KeySet                                           : loaded 2 times (x 137B)
Class com.google.common.collect.ImmutableSet$EmptySetBuilderImpl                      : loaded 2 times (x 76B)
Class com.google.common.cache.LocalCache$EntryFactory$7                               : loaded 2 times (x 83B)
Class com.google.common.collect.ImmutableList                                         : loaded 2 times (x 206B)
Class org.gradle.internal.service.DefaultServiceLocator                               : loaded 2 times (x 83B)
Class com.google.common.cache.LocalCache$EntryFactory$8                               : loaded 2 times (x 83B)
Class com.google.common.collect.ImmutableSet$SetBuilderImpl                           : loaded 2 times (x 76B)
Class org.gradle.internal.installation.CurrentGradleInstallation                      : loaded 2 times (x 73B)
Class com.google.common.cache.CacheLoader$1                                           : loaded 2 times (x 75B)
Class com.google.common.collect.ForwardingObject                                      : loaded 2 times (x 72B)
Class com.google.common.collect.ImmutableList$SubList                                 : loaded 2 times (x 209B)
Class org.gradle.util.internal.GUtil                                                  : loaded 2 times (x 71B)
Class kotlin.io.NoSuchFileException                                                   : loaded 2 times (x 82B)
Class kotlin.collections.CollectionsKt                                                : loaded 2 times (x 71B)
Class com.google.common.cache.AbstractCache$StatsCounter                              : loaded 2 times (x 70B)
Class com.google.common.reflect.Types$TypeVariableImpl                                : loaded 2 times (x 72B)
Class com.google.common.collect.Iterators$MergingIterator                             : loaded 2 times (x 81B)
Class com.google.common.collect.RegularImmutableSet                                   : loaded 2 times (x 149B)
Class org.gradle.internal.installation.GradleInstallation                             : loaded 2 times (x 75B)
Class com.google.common.collect.Iterables                                             : loaded 2 times (x 71B)
Class kotlin.jvm.KotlinReflectionNotSupportedError                                    : loaded 2 times (x 82B)
Class org.jetbrains.kotlin.com.intellij.openapi.diagnostic.DefaultLogger              : loaded 2 times (x 100B)

---------------  S Y S T E M  ---------------

OS:
 Windows 11 , 64 bit Build 26100 (10.0.26100.8875)
OS uptime: 0 days 1:10 hours
Hyper-V role detected

CPU: total 12 (initial active 12) (12 cores per cpu, 2 threads per core) family 25 model 80 stepping 0 microcode 0xa500014, cx8, cmov, fxsr, ht, mmx, 3dnowpref, sse, sse2, sse3, ssse3, sse4a, sse4.1, sse4.2, popcnt, lzcnt, tsc, tscinvbit, avx, avx2, aes, erms, clmul, bmi1, bmi2, adx, sha, fma, vzeroupper, clflush, clflushopt, hv, rdtscp, rdpid, fsrm, f16c, cet_ss
Processor Information for the first 12 processors :
  Max Mhz: 3901, Current Mhz: 3901, Mhz Limit: 3901

Memory: 4k page, system-wide physical 15723M (560M free)
TotalPageFile size 16747M (AvailPageFile size 17M)
current process WorkingSet (physical memory assigned to process): 803M, peak: 803M
current process commit charge ("private bytes"): 842M, peak: 842M

vm_info: OpenJDK 64-Bit Server VM (21.0.10+-14961533-b1163.108) for windows-amd64 JRE (21.0.10+-14961533-b1163.108), built on 2026-03-02T19:58:50Z by "builder" with MS VC++ 16.10 / 16.11 (VS2019)

END.
